device_id,temperature,timestamp
sensor-01,23.77,2024-01-01 00:00:00
sensor-02,18.42,2024-01-01 00:00:00
sensor-03,28.09,2024-01-01 00:00:00
sensor-01,22.83,2024-01-01 00:10:00
sensor-02,20.18,2024-01-01 00:10:00
sensor-03,18.64,2024-01-01 00:10:00
sensor-01,21.58,2024-01-01 00:20:00
sensor-02,27.89,2024-01-01 00:20:00
sensor-03,22.98,2024-01-01 00:20:00
sensor-01,22.35,2024-01-01 00:30:00
sensor-02,30.22,2024-01-01 00:30:00
sensor-03,23.54,2024-01-01 00:30:00
sensor-01,28.0,2024-01-01 00:40:00
sensor-02,30.53,2024-01-01 00:40:00
sensor-03,27.57,2024-01-01 00:40:00
sensor-01,17.48,2024-01-01 00:50:00
sensor-02,28.47,2024-01-01 00:50:00
sensor-03,28.08,2024-01-01 00:50:00
sensor-01,27.98,2024-01-01 01:00:00
sensor-02,22.09,2024-01-01 01:00:00
sensor-03,30.5,2024-01-01 01:00:00
sensor-01,23.84,2024-01-01 01:10:00
sensor-02,22.85,2024-01-01 01:10:00
sensor-03,21.1,2024-01-01 01:10:00
sensor-01,25.28,2024-01-01 01:20:00
sensor-02,30.66,2024-01-01 01:20:00
sensor-03,19.4,2024-01-01 01:20:00
sensor-01,19.5,2024-01-01 01:30:00
sensor-02,23.81,2024-01-01 01:30:00
sensor-03,29.78,2024-01-01 01:30:00
sensor-01,30.05,2024-01-01 01:40:00
sensor-02,24.5,2024-01-01 01:40:00
sensor-03,19.62,2024-01-01 01:40:00
sensor-01,17.66,2024-01-01 01:50:00
sensor-02,17.43,2024-01-01 01:50:00
sensor-03,19.93,2024-01-01 01:50:00
sensor-01,24.76,2024-01-01 02:00:00
sensor-02,21.38,2024-01-01 02:00:00
sensor-03,23.78,2024-01-01 02:00:00
sensor-01,20.05,2024-01-01 02:10:00
sensor-02,24.55,2024-01-01 02:10:00
sensor-03,25.12,2024-01-01 02:10:00
sensor-01,26.73,2024-01-01 02:20:00
sensor-02,18.85,2024-01-01 02:20:00
sensor-03,27.54,2024-01-01 02:20:00
sensor-01,30.66,2024-01-01 02:30:00
sensor-02,23.99,2024-01-01 02:30:00
sensor-03,23.1,2024-01-01 02:30:00
sensor-01,18.22,2024-01-01 02:40:00
sensor-02,26.88,2024-01-01 02:40:00
sensor-03,20.65,2024-01-01 02:40:00
sensor-01,18.42,2024-01-01 02:50:00
sensor-02,29.25,2024-01-01 02:50:00
sensor-03,28.39,2024-01-01 02:50:00
sensor-01,29.88,2024-01-01 03:00:00
sensor-02,28.47,2024-01-01 03:00:00
sensor-03,26.21,2024-01-01 03:00:00
sensor-01,27.69,2024-01-01 03:10:00
sensor-02,29.81,2024-01-01 03:10:00
sensor-03,29.07,2024-01-01 03:10:00
sensor-01,19.19,2024-01-01 03:20:00
sensor-02,28.31,2024-01-01 03:20:00
sensor-03,27.73,2024-01-01 03:20:00
sensor-01,23.15,2024-01-01 03:30:00
sensor-02,19.99,2024-01-01 03:30:00
sensor-03,22.89,2024-01-01 03:30:00
sensor-01,19.26,2024-01-01 03:40:00
sensor-02,25.77,2024-01-01 03:40:00
sensor-03,17.51,2024-01-01 03:40:00
sensor-01,21.43,2024-01-01 03:50:00
sensor-02,17.72,2024-01-01 03:50:00
sensor-03,19.58,2024-01-01 03:50:00
sensor-01,21.92,2024-01-01 04:00:00
sensor-02,22.73,2024-01-01 04:00:00
sensor-03,26.43,2024-01-01 04:00:00
sensor-01,27.7,2024-01-01 04:10:00
sensor-02,19.74,2024-01-01 04:10:00
sensor-03,21.9,2024-01-01 04:10:00
sensor-01,17.77,2024-01-01 04:20:00
sensor-02,23.78,2024-01-01 04:20:00
sensor-03,26.7,2024-01-01 04:20:00
sensor-01,22.68,2024-01-01 04:30:00
sensor-02,20.94,2024-01-01 04:30:00
sensor-03,26.12,2024-01-01 04:30:00
sensor-01,28.16,2024-01-01 04:40:00
sensor-02,24.97,2024-01-01 04:40:00
sensor-03,29.26,2024-01-01 04:40:00
sensor-01,21.43,2024-01-01 04:50:00
sensor-02,18.67,2024-01-01 04:50:00
sensor-03,17.89,2024-01-01 04:50:00
sensor-01,18.09,2024-01-01 05:00:00
sensor-02,27.06,2024-01-01 05:00:00
sensor-03,27.41,2024-01-01 05:00:00
sensor-01,29.5,2024-01-01 05:10:00
sensor-02,28.33,2024-01-01 05:10:00
sensor-03,17.72,2024-01-01 05:10:00
sensor-01,25.54,2024-01-01 05:20:00
sensor-02,29.95,2024-01-01 05:20:00
sensor-03,29.07,2024-01-01 05:20:00
sensor-01,25.24,2024-01-01 05:30:00
sensor-02,27.09,2024-01-01 05:30:00
sensor-03,25.03,2024-01-01 05:30:00
sensor-01,25.21,2024-01-01 05:40:00
sensor-02,28.16,2024-01-01 05:40:00
sensor-03,25.07,2024-01-01 05:40:00
sensor-01,25.06,2024-01-01 05:50:00
sensor-02,27.47,2024-01-01 05:50:00
sensor-03,24.04,2024-01-01 05:50:00
sensor-01,25.96,2024-01-01 06:00:00
sensor-02,20.48,2024-01-01 06:00:00
sensor-03,26.14,2024-01-01 06:00:00
sensor-01,29.93,2024-01-01 06:10:00
sensor-02,29.65,2024-01-01 06:10:00
sensor-03,21.25,2024-01-01 06:10:00
sensor-01,19.74,2024-01-01 06:20:00
sensor-02,21.33,2024-01-01 06:20:00
sensor-03,19.61,2024-01-01 06:20:00
sensor-01,26.86,2024-01-01 06:30:00
sensor-02,28.06,2024-01-01 06:30:00
sensor-03,25.75,2024-01-01 06:30:00
sensor-01,21.43,2024-01-01 06:40:00
sensor-02,22.91,2024-01-01 06:40:00
sensor-03,21.68,2024-01-01 06:40:00
sensor-01,27.33,2024-01-01 06:50:00
sensor-02,22.29,2024-01-01 06:50:00
sensor-03,17.74,2024-01-01 06:50:00
sensor-01,29.04,2024-01-01 07:00:00
sensor-02,26.21,2024-01-01 07:00:00
sensor-03,28.89,2024-01-01 07:00:00
sensor-01,27.57,2024-01-01 07:10:00
sensor-02,27.58,2024-01-01 07:10:00
sensor-03,27.35,2024-01-01 07:10:00
sensor-01,28.64,2024-01-01 07:20:00
sensor-02,19.56,2024-01-01 07:20:00
sensor-03,22.3,2024-01-01 07:20:00
sensor-01,20.47,2024-01-01 07:30:00
sensor-02,17.39,2024-01-01 07:30:00
sensor-03,29.18,2024-01-01 07:30:00
sensor-01,18.47,2024-01-01 07:40:00
sensor-02,26.14,2024-01-01 07:40:00
sensor-03,23.34,2024-01-01 07:40:00
sensor-01,21.05,2024-01-01 07:50:00
sensor-02,20.55,2024-01-01 07:50:00
sensor-03,25.07,2024-01-01 07:50:00
sensor-01,20.89,2024-01-01 08:00:00
sensor-02,19.84,2024-01-01 08:00:00
sensor-03,24.22,2024-01-01 08:00:00
sensor-01,23.12,2024-01-01 08:10:00
sensor-02,19.13,2024-01-01 08:10:00
sensor-03,26.46,2024-01-01 08:10:00
sensor-01,19.93,2024-01-01 08:20:00
sensor-02,19.23,2024-01-01 08:20:00
sensor-03,23.78,2024-01-01 08:20:00
sensor-01,21.63,2024-01-01 08:30:00
sensor-02,26.21,2024-01-01 08:30:00
sensor-03,21.21,2024-01-01 08:30:00
sensor-01,28.62,2024-01-01 08:40:00
sensor-02,29.08,2024-01-01 08:40:00
sensor-03,26.82,2024-01-01 08:40:00
sensor-01,21.54,2024-01-01 08:50:00
sensor-02,25.73,2024-01-01 08:50:00
sensor-03,30.49,2024-01-01 08:50:00
sensor-01,21.63,2024-01-01 09:00:00
sensor-02,21.25,2024-01-01 09:00:00
sensor-03,28.39,2024-01-01 09:00:00
sensor-01,19.32,2024-01-01 09:10:00
sensor-02,27.21,2024-01-01 09:10:00
sensor-03,20.31,2024-01-01 09:10:00
sensor-01,17.61,2024-01-01 09:20:00
sensor-02,18.51,2024-01-01 09:20:00
sensor-03,23.86,2024-01-01 09:20:00
sensor-01,25.36,2024-01-01 09:30:00
sensor-02,19.82,2024-01-01 09:30:00
sensor-03,30.57,2024-01-01 09:30:00
sensor-01,26.06,2024-01-01 09:40:00
sensor-02,29.09,2024-01-01 09:40:00
sensor-03,20.44,2024-01-01 09:40:00
sensor-01,27.92,2024-01-01 09:50:00
sensor-02,18.81,2024-01-01 09:50:00
sensor-03,23.93,2024-01-01 09:50:00
sensor-01,21.2,2024-01-01 10:00:00
sensor-02,19.45,2024-01-01 10:00:00
sensor-03,23.74,2024-01-01 10:00:00
sensor-01,23.26,2024-01-01 10:10:00
sensor-02,19.27,2024-01-01 10:10:00
sensor-03,29.61,2024-01-01 10:10:00
sensor-01,24.74,2024-01-01 10:20:00
sensor-02,24.11,2024-01-01 10:20:00
sensor-03,17.93,2024-01-01 10:20:00
sensor-01,29.64,2024-01-01 10:30:00
sensor-02,17.42,2024-01-01 10:30:00
sensor-03,26.0,2024-01-01 10:30:00
sensor-01,25.76,2024-01-01 10:40:00
sensor-02,24.14,2024-01-01 10:40:00
sensor-03,23.18,2024-01-01 10:40:00
sensor-01,28.07,2024-01-01 10:50:00
sensor-02,21.21,2024-01-01 10:50:00
sensor-03,23.42,2024-01-01 10:50:00
sensor-01,22.49,2024-01-01 11:00:00
sensor-02,28.35,2024-01-01 11:00:00
sensor-03,22.21,2024-01-01 11:00:00
sensor-01,18.55,2024-01-01 11:10:00
sensor-02,20.79,2024-01-01 11:10:00
sensor-03,22.25,2024-01-01 11:10:00
sensor-01,19.81,2024-01-01 11:20:00
sensor-02,22.55,2024-01-01 11:20:00
sensor-03,17.8,2024-01-01 11:20:00
sensor-01,22.26,2024-01-01 11:30:00
sensor-02,21.11,2024-01-01 11:30:00
sensor-03,29.7,2024-01-01 11:30:00
sensor-01,26.79,2024-01-01 11:40:00
sensor-02,25.97,2024-01-01 11:40:00
sensor-03,27.92,2024-01-01 11:40:00
sensor-01,21.78,2024-01-01 11:50:00
sensor-02,26.36,2024-01-01 11:50:00
sensor-03,28.16,2024-01-01 11:50:00
sensor-01,24.15,2024-01-01 12:00:00
sensor-02,23.89,2024-01-01 12:00:00
sensor-03,21.24,2024-01-01 12:00:00
sensor-01,28.48,2024-01-01 12:10:00
sensor-02,18.85,2024-01-01 12:10:00
sensor-03,17.37,2024-01-01 12:10:00
sensor-01,30.36,2024-01-01 12:20:00
sensor-02,29.81,2024-01-01 12:20:00
sensor-03,18.55,2024-01-01 12:20:00
sensor-01,29.7,2024-01-01 12:30:00
sensor-02,28.33,2024-01-01 12:30:00
sensor-03,28.15,2024-01-01 12:30:00
sensor-01,30.19,2024-01-01 12:40:00
sensor-02,18.15,2024-01-01 12:40:00
sensor-03,23.37,2024-01-01 12:40:00
sensor-01,18.56,2024-01-01 12:50:00
sensor-02,29.32,2024-01-01 12:50:00
sensor-03,23.53,2024-01-01 12:50:00
sensor-01,26.71,2024-01-01 13:00:00
sensor-02,20.26,2024-01-01 13:00:00
sensor-03,29.89,2024-01-01 13:00:00
sensor-01,20.81,2024-01-01 13:10:00
sensor-02,29.84,2024-01-01 13:10:00
sensor-03,22.85,2024-01-01 13:10:00
sensor-01,25.74,2024-01-01 13:20:00
sensor-02,20.75,2024-01-01 13:20:00
sensor-03,23.56,2024-01-01 13:20:00
sensor-01,18.55,2024-01-01 13:30:00
sensor-02,28.85,2024-01-01 13:30:00
sensor-03,26.98,2024-01-01 13:30:00
sensor-01,27.67,2024-01-01 13:40:00
sensor-02,26.57,2024-01-01 13:40:00
sensor-03,20.63,2024-01-01 13:40:00
sensor-01,18.15,2024-01-01 13:50:00
sensor-02,29.01,2024-01-01 13:50:00
sensor-03,19.04,2024-01-01 13:50:00
sensor-01,23.1,2024-01-01 14:00:00
sensor-02,30.0,2024-01-01 14:00:00
sensor-03,23.21,2024-01-01 14:00:00
sensor-01,27.16,2024-01-01 14:10:00
sensor-02,23.37,2024-01-01 14:10:00
sensor-03,21.81,2024-01-01 14:10:00
sensor-01,23.5,2024-01-01 14:20:00
sensor-02,17.29,2024-01-01 14:20:00
sensor-03,25.37,2024-01-01 14:20:00
sensor-01,27.36,2024-01-01 14:30:00
sensor-02,30.19,2024-01-01 14:30:00
sensor-03,25.95,2024-01-01 14:30:00
sensor-01,25.86,2024-01-01 14:40:00
sensor-02,17.54,2024-01-01 14:40:00
sensor-03,29.22,2024-01-01 14:40:00
sensor-01,30.1,2024-01-01 14:50:00
sensor-02,19.33,2024-01-01 14:50:00
sensor-03,21.59,2024-01-01 14:50:00
sensor-01,21.12,2024-01-01 15:00:00
sensor-02,20.67,2024-01-01 15:00:00
sensor-03,23.44,2024-01-01 15:00:00
sensor-01,28.12,2024-01-01 15:10:00
sensor-02,19.45,2024-01-01 15:10:00
sensor-03,29.91,2024-01-01 15:10:00
sensor-01,17.24,2024-01-01 15:20:00
sensor-02,17.57,2024-01-01 15:20:00
sensor-03,20.98,2024-01-01 15:20:00
sensor-01,19.02,2024-01-01 15:30:00
sensor-02,30.2,2024-01-01 15:30:00
sensor-03,22.23,2024-01-01 15:30:00
sensor-01,24.53,2024-01-01 15:40:00
sensor-02,27.04,2024-01-01 15:40:00
sensor-03,26.28,2024-01-01 15:40:00
sensor-01,26.24,2024-01-01 15:50:00
sensor-02,19.52,2024-01-01 15:50:00
sensor-03,22.05,2024-01-01 15:50:00
sensor-01,17.67,2024-01-01 16:00:00
sensor-02,28.0,2024-01-01 16:00:00
sensor-03,30.76,2024-01-01 16:00:00
sensor-01,18.26,2024-01-01 16:10:00
sensor-02,29.16,2024-01-01 16:10:00
sensor-03,21.56,2024-01-01 16:10:00
sensor-01,24.9,2024-01-01 16:20:00
sensor-02,26.84,2024-01-01 16:20:00
sensor-03,28.75,2024-01-01 16:20:00
sensor-01,20.51,2024-01-01 16:30:00
sensor-02,25.64,2024-01-01 16:30:00
sensor-03,24.98,2024-01-01 16:30:00
sensor-01,25.09,2024-01-01 16:40:00
sensor-02,21.12,2024-01-01 16:40:00
sensor-03,18.88,2024-01-01 16:40:00
sensor-01,29.02,2024-01-01 16:50:00
sensor-02,26.33,2024-01-01 16:50:00
sensor-03,30.26,2024-01-01 16:50:00
sensor-01,25.42,2024-01-01 17:00:00
sensor-02,27.49,2024-01-01 17:00:00
sensor-03,19.58,2024-01-01 17:00:00
sensor-01,20.3,2024-01-01 17:10:00
sensor-02,25.47,2024-01-01 17:10:00
sensor-03,17.62,2024-01-01 17:10:00
sensor-01,28.05,2024-01-01 17:20:00
sensor-02,26.53,2024-01-01 17:20:00
sensor-03,24.58,2024-01-01 17:20:00
sensor-01,18.04,2024-01-01 17:30:00
sensor-02,28.37,2024-01-01 17:30:00
sensor-03,29.8,2024-01-01 17:30:00
sensor-01,28.37,2024-01-01 17:40:00
sensor-02,19.41,2024-01-01 17:40:00
sensor-03,29.71,2024-01-01 17:40:00
sensor-01,22.73,2024-01-01 17:50:00
sensor-02,25.83,2024-01-01 17:50:00
sensor-03,20.8,2024-01-01 17:50:00
sensor-01,26.06,2024-01-01 18:00:00
sensor-02,26.37,2024-01-01 18:00:00
sensor-03,29.33,2024-01-01 18:00:00
sensor-01,28.7,2024-01-01 18:10:00
sensor-02,30.11,2024-01-01 18:10:00
sensor-03,23.26,2024-01-01 18:10:00
sensor-01,27.47,2024-01-01 18:20:00
sensor-02,23.28,2024-01-01 18:20:00
sensor-03,27.14,2024-01-01 18:20:00
sensor-01,19.35,2024-01-01 18:30:00
sensor-02,22.03,2024-01-01 18:30:00
sensor-03,21.34,2024-01-01 18:30:00
sensor-01,30.53,2024-01-01 18:40:00
sensor-02,19.67,2024-01-01 18:40:00
sensor-03,24.44,2024-01-01 18:40:00
sensor-01,29.5,2024-01-01 18:50:00
sensor-02,24.58,2024-01-01 18:50:00
sensor-03,17.36,2024-01-01 18:50:00
sensor-01,21.91,2024-01-01 19:00:00
sensor-02,18.34,2024-01-01 19:00:00
sensor-03,24.99,2024-01-01 19:00:00
sensor-01,19.67,2024-01-01 19:10:00
sensor-02,23.62,2024-01-01 19:10:00
sensor-03,20.92,2024-01-01 19:10:00
sensor-01,17.81,2024-01-01 19:20:00
sensor-02,23.93,2024-01-01 19:20:00
sensor-03,19.66,2024-01-01 19:20:00
sensor-01,21.64,2024-01-01 19:30:00
sensor-02,25.27,2024-01-01 19:30:00
sensor-03,20.13,2024-01-01 19:30:00
sensor-01,23.87,2024-01-01 19:40:00
sensor-02,30.76,2024-01-01 19:40:00
sensor-03,25.96,2024-01-01 19:40:00
sensor-01,28.54,2024-01-01 19:50:00
sensor-02,19.29,2024-01-01 19:50:00
sensor-03,20.73,2024-01-01 19:50:00
sensor-01,18.94,2024-01-01 20:00:00
sensor-02,20.61,2024-01-01 20:00:00
sensor-03,19.56,2024-01-01 20:00:00
sensor-01,27.98,2024-01-01 20:10:00
sensor-02,24.52,2024-01-01 20:10:00
sensor-03,27.1,2024-01-01 20:10:00
sensor-01,21.34,2024-01-01 20:20:00
sensor-02,28.13,2024-01-01 20:20:00
sensor-03,26.43,2024-01-01 20:20:00
sensor-01,17.4,2024-01-01 20:30:00
sensor-02,27.42,2024-01-01 20:30:00
sensor-03,30.66,2024-01-01 20:30:00
sensor-01,25.24,2024-01-01 20:40:00
sensor-02,28.77,2024-01-01 20:40:00
sensor-03,20.27,2024-01-01 20:40:00
sensor-01,24.3,2024-01-01 20:50:00
sensor-02,28.87,2024-01-01 20:50:00
sensor-03,24.6,2024-01-01 20:50:00
sensor-01,24.97,2024-01-01 21:00:00
sensor-02,27.89,2024-01-01 21:00:00
sensor-03,21.11,2024-01-01 21:00:00
sensor-01,26.78,2024-01-01 21:10:00
sensor-02,26.44,2024-01-01 21:10:00
sensor-03,24.03,2024-01-01 21:10:00
sensor-01,20.28,2024-01-01 21:20:00
sensor-02,19.31,2024-01-01 21:20:00
sensor-03,24.58,2024-01-01 21:20:00
sensor-01,30.47,2024-01-01 21:30:00
sensor-02,18.38,2024-01-01 21:30:00
sensor-03,18.01,2024-01-01 21:30:00
sensor-01,17.36,2024-01-01 21:40:00
sensor-02,28.57,2024-01-01 21:40:00
sensor-03,29.53,2024-01-01 21:40:00
sensor-01,29.0,2024-01-01 21:50:00
sensor-02,30.04,2024-01-01 21:50:00
sensor-03,17.88,2024-01-01 21:50:00
sensor-01,27.95,2024-01-01 22:00:00
sensor-02,26.02,2024-01-01 22:00:00
sensor-03,27.79,2024-01-01 22:00:00
sensor-01,24.09,2024-01-01 22:10:00
sensor-02,23.59,2024-01-01 22:10:00
sensor-03,20.35,2024-01-01 22:10:00
sensor-01,19.75,2024-01-01 22:20:00
sensor-02,20.49,2024-01-01 22:20:00
sensor-03,26.98,2024-01-01 22:20:00
sensor-01,20.61,2024-01-01 22:30:00
sensor-02,28.49,2024-01-01 22:30:00
sensor-03,19.12,2024-01-01 22:30:00
sensor-01,26.75,2024-01-01 22:40:00
sensor-02,22.04,2024-01-01 22:40:00
sensor-03,23.57,2024-01-01 22:40:00
sensor-01,20.22,2024-01-01 22:50:00
sensor-02,25.33,2024-01-01 22:50:00
sensor-03,23.54,2024-01-01 22:50:00
sensor-01,25.56,2024-01-01 23:00:00
sensor-02,23.2,2024-01-01 23:00:00
sensor-03,18.96,2024-01-01 23:00:00
sensor-01,26.58,2024-01-01 23:10:00
sensor-02,27.31,2024-01-01 23:10:00
sensor-03,17.24,2024-01-01 23:10:00
sensor-01,27.91,2024-01-01 23:20:00
sensor-02,30.06,2024-01-01 23:20:00
sensor-03,22.18,2024-01-01 23:20:00
sensor-01,23.04,2024-01-01 23:30:00
sensor-02,22.99,2024-01-01 23:30:00
sensor-03,25.48,2024-01-01 23:30:00
sensor-01,18.23,2024-01-01 23:40:00
sensor-02,19.21,2024-01-01 23:40:00
sensor-03,23.42,2024-01-01 23:40:00
sensor-01,26.01,2024-01-01 23:50:00
sensor-02,24.06,2024-01-01 23:50:00
sensor-03,17.36,2024-01-01 23:50:00
sensor-01,23.78,2024-01-02 00:00:00
sensor-02,23.16,2024-01-02 00:00:00
sensor-03,31.37,2024-01-02 00:00:00
sensor-01,25.83,2024-01-02 00:10:00
sensor-02,21.75,2024-01-02 00:10:00
sensor-03,29.98,2024-01-02 00:10:00
sensor-01,26.88,2024-01-02 00:20:00
sensor-02,24.9,2024-01-02 00:20:00
sensor-03,21.11,2024-01-02 00:20:00
sensor-01,23.36,2024-01-02 00:30:00
sensor-02,23.44,2024-01-02 00:30:00
sensor-03,26.54,2024-01-02 00:30:00
sensor-01,30.85,2024-01-02 00:40:00
sensor-02,23.82,2024-01-02 00:40:00
sensor-03,31.89,2024-01-02 00:40:00
sensor-01,20.71,2024-01-02 00:50:00
sensor-02,26.76,2024-01-02 00:50:00
sensor-03,28.56,2024-01-02 00:50:00
sensor-01,22.12,2024-01-02 01:00:00
sensor-02,27.4,2024-01-02 01:00:00
sensor-03,30.09,2024-01-02 01:00:00
sensor-01,25.06,2024-01-02 01:10:00
sensor-02,24.08,2024-01-02 01:10:00
sensor-03,28.96,2024-01-02 01:10:00
sensor-01,26.03,2024-01-02 01:20:00
sensor-02,31.81,2024-01-02 01:20:00
sensor-03,30.66,2024-01-02 01:20:00
sensor-01,30.38,2024-01-02 01:30:00
sensor-02,28.52,2024-01-02 01:30:00
sensor-03,25.23,2024-01-02 01:30:00
sensor-01,24.99,2024-01-02 01:40:00
sensor-02,24.0,2024-01-02 01:40:00
sensor-03,24.62,2024-01-02 01:40:00
sensor-01,21.36,2024-01-02 01:50:00
sensor-02,24.98,2024-01-02 01:50:00
sensor-03,30.5,2024-01-02 01:50:00
sensor-01,24.37,2024-01-02 02:00:00
sensor-02,22.95,2024-01-02 02:00:00
sensor-03,29.73,2024-01-02 02:00:00
sensor-01,28.82,2024-01-02 02:10:00
sensor-02,20.73,2024-01-02 02:10:00
sensor-03,20.75,2024-01-02 02:10:00
sensor-01,22.82,2024-01-02 02:20:00
sensor-02,21.61,2024-01-02 02:20:00
sensor-03,27.23,2024-01-02 02:20:00
sensor-01,28.23,2024-01-02 02:30:00
sensor-02,24.78,2024-01-02 02:30:00
sensor-03,31.7,2024-01-02 02:30:00
sensor-01,30.21,2024-01-02 02:40:00
sensor-02,30.45,2024-01-02 02:40:00
sensor-03,29.26,2024-01-02 02:40:00
sensor-01,23.23,2024-01-02 02:50:00
sensor-02,25.07,2024-01-02 02:50:00
sensor-03,31.19,2024-01-02 02:50:00
sensor-01,31.86,2024-01-02 03:00:00
sensor-02,24.65,2024-01-02 03:00:00
sensor-03,24.13,2024-01-02 03:00:00
sensor-01,29.98,2024-01-02 03:10:00
sensor-02,25.24,2024-01-02 03:10:00
sensor-03,25.2,2024-01-02 03:10:00
sensor-01,24.27,2024-01-02 03:20:00
sensor-02,29.9,2024-01-02 03:20:00
sensor-03,30.54,2024-01-02 03:20:00
sensor-01,24.77,2024-01-02 03:30:00
sensor-02,20.98,2024-01-02 03:30:00
sensor-03,21.78,2024-01-02 03:30:00
sensor-01,31.63,2024-01-02 03:40:00
sensor-02,24.34,2024-01-02 03:40:00
sensor-03,21.68,2024-01-02 03:40:00
sensor-01,24.56,2024-01-02 03:50:00
sensor-02,26.29,2024-01-02 03:50:00
sensor-03,30.36,2024-01-02 03:50:00
sensor-01,25.33,2024-01-02 04:00:00
sensor-02,26.49,2024-01-02 04:00:00
sensor-03,22.46,2024-01-02 04:00:00
sensor-01,23.76,2024-01-02 04:10:00
sensor-02,26.74,2024-01-02 04:10:00
sensor-03,31.03,2024-01-02 04:10:00
sensor-01,21.65,2024-01-02 04:20:00
sensor-02,21.07,2024-01-02 04:20:00
sensor-03,26.65,2024-01-02 04:20:00
sensor-01,21.31,2024-01-02 04:30:00
sensor-02,24.5,2024-01-02 04:30:00
sensor-03,29.63,2024-01-02 04:30:00
sensor-01,26.92,2024-01-02 04:40:00
sensor-02,24.52,2024-01-02 04:40:00
sensor-03,23.95,2024-01-02 04:40:00
sensor-01,21.59,2024-01-02 04:50:00
sensor-02,25.27,2024-01-02 04:50:00
sensor-03,26.4,2024-01-02 04:50:00
sensor-01,26.57,2024-01-02 05:00:00
sensor-02,23.2,2024-01-02 05:00:00
sensor-03,31.45,2024-01-02 05:00:00
sensor-01,24.99,2024-01-02 05:10:00
sensor-02,32.13,2024-01-02 05:10:00
sensor-03,28.6,2024-01-02 05:10:00
sensor-01,29.78,2024-01-02 05:20:00
sensor-02,22.37,2024-01-02 05:20:00
sensor-03,22.33,2024-01-02 05:20:00
sensor-01,29.78,2024-01-02 05:30:00
sensor-02,25.65,2024-01-02 05:30:00
sensor-03,29.12,2024-01-02 05:30:00
sensor-01,26.62,2024-01-02 05:40:00
sensor-02,25.97,2024-01-02 05:40:00
sensor-03,23.33,2024-01-02 05:40:00
sensor-01,22.82,2024-01-02 05:50:00
sensor-02,25.17,2024-01-02 05:50:00
sensor-03,28.6,2024-01-02 05:50:00
sensor-01,31.8,2024-01-02 06:00:00
sensor-02,30.97,2024-01-02 06:00:00
sensor-03,20.81,2024-01-02 06:00:00
sensor-01,26.81,2024-01-02 06:10:00
sensor-02,30.77,2024-01-02 06:10:00
sensor-03,27.86,2024-01-02 06:10:00
sensor-01,29.3,2024-01-02 06:20:00
sensor-02,28.47,2024-01-02 06:20:00
sensor-03,23.41,2024-01-02 06:20:00
sensor-01,30.38,2024-01-02 06:30:00
sensor-02,32.16,2024-01-02 06:30:00
sensor-03,32.21,2024-01-02 06:30:00
sensor-01,24.82,2024-01-02 06:40:00
sensor-02,29.83,2024-01-02 06:40:00
sensor-03,27.7,2024-01-02 06:40:00
sensor-01,28.08,2024-01-02 06:50:00
sensor-02,23.44,2024-01-02 06:50:00
sensor-03,30.34,2024-01-02 06:50:00
sensor-01,25.81,2024-01-02 07:00:00
sensor-02,26.83,2024-01-02 07:00:00
sensor-03,25.15,2024-01-02 07:00:00
sensor-01,20.79,2024-01-02 07:10:00
sensor-02,25.54,2024-01-02 07:10:00
sensor-03,25.5,2024-01-02 07:10:00
sensor-01,28.35,2024-01-02 07:20:00
sensor-02,24.26,2024-01-02 07:20:00
sensor-03,23.79,2024-01-02 07:20:00
sensor-01,30.3,2024-01-02 07:30:00
sensor-02,23.4,2024-01-02 07:30:00
sensor-03,29.39,2024-01-02 07:30:00
sensor-01,21.63,2024-01-02 07:40:00
sensor-02,27.67,2024-01-02 07:40:00
sensor-03,23.23,2024-01-02 07:40:00
sensor-01,24.52,2024-01-02 07:50:00
sensor-02,27.72,2024-01-02 07:50:00
sensor-03,32.08,2024-01-02 07:50:00
sensor-01,22.46,2024-01-02 08:00:00
sensor-02,30.2,2024-01-02 08:00:00
sensor-03,28.21,2024-01-02 08:00:00
sensor-01,26.21,2024-01-02 08:10:00
sensor-02,29.01,2024-01-02 08:10:00
sensor-03,29.06,2024-01-02 08:10:00
sensor-01,24.27,2024-01-02 08:20:00
sensor-02,24.82,2024-01-02 08:20:00
sensor-03,24.09,2024-01-02 08:20:00
sensor-01,31.07,2024-01-02 08:30:00
sensor-02,25.76,2024-01-02 08:30:00
sensor-03,26.82,2024-01-02 08:30:00
sensor-01,27.14,2024-01-02 08:40:00
sensor-02,25.59,2024-01-02 08:40:00
sensor-03,25.79,2024-01-02 08:40:00
sensor-01,23.75,2024-01-02 08:50:00
sensor-02,22.15,2024-01-02 08:50:00
sensor-03,28.58,2024-01-02 08:50:00
sensor-01,26.17,2024-01-02 09:00:00
sensor-02,25.59,2024-01-02 09:00:00
sensor-03,25.05,2024-01-02 09:00:00
sensor-01,29.09,2024-01-02 09:10:00
sensor-02,22.83,2024-01-02 09:10:00
sensor-03,24.06,2024-01-02 09:10:00
sensor-01,23.96,2024-01-02 09:20:00
sensor-02,29.64,2024-01-02 09:20:00
sensor-03,31.44,2024-01-02 09:20:00
sensor-01,29.51,2024-01-02 09:30:00
sensor-02,20.68,2024-01-02 09:30:00
sensor-03,28.82,2024-01-02 09:30:00
sensor-01,22.24,2024-01-02 09:40:00
sensor-02,27.11,2024-01-02 09:40:00
sensor-03,25.68,2024-01-02 09:40:00
sensor-01,30.06,2024-01-02 09:50:00
sensor-02,22.73,2024-01-02 09:50:00
sensor-03,22.7,2024-01-02 09:50:00
sensor-01,31.93,2024-01-02 10:00:00
sensor-02,27.95,2024-01-02 10:00:00
sensor-03,30.73,2024-01-02 10:00:00
sensor-01,29.91,2024-01-02 10:10:00
sensor-02,30.84,2024-01-02 10:10:00
sensor-03,27.48,2024-01-02 10:10:00
sensor-01,24.28,2024-01-02 10:20:00
sensor-02,27.65,2024-01-02 10:20:00
sensor-03,29.03,2024-01-02 10:20:00
sensor-01,22.61,2024-01-02 10:30:00
sensor-02,27.95,2024-01-02 10:30:00
sensor-03,28.94,2024-01-02 10:30:00
sensor-01,30.13,2024-01-02 10:40:00
sensor-02,22.78,2024-01-02 10:40:00
sensor-03,21.47,2024-01-02 10:40:00
sensor-01,23.71,2024-01-02 10:50:00
sensor-02,28.26,2024-01-02 10:50:00
sensor-03,30.89,2024-01-02 10:50:00
sensor-01,21.29,2024-01-02 11:00:00
sensor-02,23.43,2024-01-02 11:00:00
sensor-03,25.17,2024-01-02 11:00:00
sensor-01,27.07,2024-01-02 11:10:00
sensor-02,24.78,2024-01-02 11:10:00
sensor-03,23.23,2024-01-02 11:10:00
sensor-01,22.68,2024-01-02 11:20:00
sensor-02,22.97,2024-01-02 11:20:00
sensor-03,31.98,2024-01-02 11:20:00
sensor-01,29.38,2024-01-02 11:30:00
sensor-02,30.36,2024-01-02 11:30:00
sensor-03,21.24,2024-01-02 11:30:00
sensor-01,22.69,2024-01-02 11:40:00
sensor-02,26.92,2024-01-02 11:40:00
sensor-03,25.99,2024-01-02 11:40:00
sensor-01,21.28,2024-01-02 11:50:00
sensor-02,25.73,2024-01-02 11:50:00
sensor-03,23.67,2024-01-02 11:50:00
sensor-01,22.29,2024-01-02 12:00:00
sensor-02,21.06,2024-01-02 12:00:00
sensor-03,27.06,2024-01-02 12:00:00
sensor-01,24.53,2024-01-02 12:10:00
sensor-02,21.65,2024-01-02 12:10:00
sensor-03,23.96,2024-01-02 12:10:00
sensor-01,28.86,2024-01-02 12:20:00
sensor-02,20.68,2024-01-02 12:20:00
sensor-03,24.13,2024-01-02 12:20:00
sensor-01,25.65,2024-01-02 12:30:00
sensor-02,23.25,2024-01-02 12:30:00
sensor-03,31.32,2024-01-02 12:30:00
sensor-01,26.19,2024-01-02 12:40:00
sensor-02,24.46,2024-01-02 12:40:00
sensor-03,30.25,2024-01-02 12:40:00
sensor-01,28.52,2024-01-02 12:50:00
sensor-02,25.6,2024-01-02 12:50:00
sensor-03,31.07,2024-01-02 12:50:00
sensor-01,28.29,2024-01-02 13:00:00
sensor-02,28.71,2024-01-02 13:00:00
sensor-03,22.52,2024-01-02 13:00:00
sensor-01,26.93,2024-01-02 13:10:00
sensor-02,20.75,2024-01-02 13:10:00
sensor-03,22.79,2024-01-02 13:10:00
sensor-01,29.94,2024-01-02 13:20:00
sensor-02,27.07,2024-01-02 13:20:00
sensor-03,25.87,2024-01-02 13:20:00
sensor-01,20.81,2024-01-02 13:30:00
sensor-02,32.03,2024-01-02 13:30:00
sensor-03,24.4,2024-01-02 13:30:00
sensor-01,23.46,2024-01-02 13:40:00
sensor-02,29.73,2024-01-02 13:40:00
sensor-03,31.39,2024-01-02 13:40:00
sensor-01,20.81,2024-01-02 13:50:00
sensor-02,23.78,2024-01-02 13:50:00
sensor-03,30.46,2024-01-02 13:50:00
sensor-01,29.69,2024-01-02 14:00:00
sensor-02,22.49,2024-01-02 14:00:00
sensor-03,29.73,2024-01-02 14:00:00
sensor-01,26.5,2024-01-02 14:10:00
sensor-02,22.19,2024-01-02 14:10:00
sensor-03,26.73,2024-01-02 14:10:00
sensor-01,24.62,2024-01-02 14:20:00
sensor-02,28.77,2024-01-02 14:20:00
sensor-03,29.1,2024-01-02 14:20:00
sensor-01,24.08,2024-01-02 14:30:00
sensor-02,24.13,2024-01-02 14:30:00
sensor-03,22.17,2024-01-02 14:30:00
sensor-01,24.97,2024-01-02 14:40:00
sensor-02,22.63,2024-01-02 14:40:00
sensor-03,20.9,2024-01-02 14:40:00
sensor-01,24.35,2024-01-02 14:50:00
sensor-02,28.03,2024-01-02 14:50:00
sensor-03,20.83,2024-01-02 14:50:00
sensor-01,27.43,2024-01-02 15:00:00
sensor-02,26.01,2024-01-02 15:00:00
sensor-03,28.09,2024-01-02 15:00:00
sensor-01,23.89,2024-01-02 15:10:00
sensor-02,21.97,2024-01-02 15:10:00
sensor-03,28.74,2024-01-02 15:10:00
sensor-01,20.68,2024-01-02 15:20:00
sensor-02,26.37,2024-01-02 15:20:00
sensor-03,31.09,2024-01-02 15:20:00
sensor-01,25.18,2024-01-02 15:30:00
sensor-02,22.26,2024-01-02 15:30:00
sensor-03,22.9,2024-01-02 15:30:00
sensor-01,22.14,2024-01-02 15:40:00
sensor-02,29.51,2024-01-02 15:40:00
sensor-03,27.9,2024-01-02 15:40:00
sensor-01,32.04,2024-01-02 15:50:00
sensor-02,24.01,2024-01-02 15:50:00
sensor-03,25.04,2024-01-02 15:50:00
sensor-01,30.93,2024-01-02 16:00:00
sensor-02,29.19,2024-01-02 16:00:00
sensor-03,30.38,2024-01-02 16:00:00
sensor-01,25.79,2024-01-02 16:10:00
sensor-02,27.47,2024-01-02 16:10:00
sensor-03,30.81,2024-01-02 16:10:00
sensor-01,21.34,2024-01-02 16:20:00
sensor-02,29.78,2024-01-02 16:20:00
sensor-03,23.67,2024-01-02 16:20:00
sensor-01,27.31,2024-01-02 16:30:00
sensor-02,31.73,2024-01-02 16:30:00
sensor-03,29.06,2024-01-02 16:30:00
sensor-01,20.76,2024-01-02 16:40:00
sensor-02,27.46,2024-01-02 16:40:00
sensor-03,30.46,2024-01-02 16:40:00
sensor-01,25.25,2024-01-02 16:50:00
sensor-02,21.68,2024-01-02 16:50:00
sensor-03,21.54,2024-01-02 16:50:00
sensor-01,23.56,2024-01-02 17:00:00
sensor-02,30.98,2024-01-02 17:00:00
sensor-03,32.21,2024-01-02 17:00:00
sensor-01,20.96,2024-01-02 17:10:00
sensor-02,21.46,2024-01-02 17:10:00
sensor-03,26.63,2024-01-02 17:10:00
sensor-01,29.65,2024-01-02 17:20:00
sensor-02,27.14,2024-01-02 17:20:00
sensor-03,31.12,2024-01-02 17:20:00
sensor-01,25.95,2024-01-02 17:30:00
sensor-02,26.92,2024-01-02 17:30:00
sensor-03,27.51,2024-01-02 17:30:00
sensor-01,27.88,2024-01-02 17:40:00
sensor-02,31.79,2024-01-02 17:40:00
sensor-03,29.37,2024-01-02 17:40:00
sensor-01,28.09,2024-01-02 17:50:00
sensor-02,23.29,2024-01-02 17:50:00
sensor-03,21.73,2024-01-02 17:50:00
sensor-01,25.5,2024-01-02 18:00:00
sensor-02,26.98,2024-01-02 18:00:00
sensor-03,24.28,2024-01-02 18:00:00
sensor-01,27.35,2024-01-02 18:10:00
sensor-02,30.92,2024-01-02 18:10:00
sensor-03,25.22,2024-01-02 18:10:00
sensor-01,27.25,2024-01-02 18:20:00
sensor-02,30.73,2024-01-02 18:20:00
sensor-03,30.38,2024-01-02 18:20:00
sensor-01,24.68,2024-01-02 18:30:00
sensor-02,28.82,2024-01-02 18:30:00
sensor-03,28.1,2024-01-02 18:30:00
sensor-01,27.55,2024-01-02 18:40:00
sensor-02,31.06,2024-01-02 18:40:00
sensor-03,21.3,2024-01-02 18:40:00
sensor-01,24.11,2024-01-02 18:50:00
sensor-02,29.04,2024-01-02 18:50:00
sensor-03,22.43,2024-01-02 18:50:00
sensor-01,28.58,2024-01-02 19:00:00
sensor-02,26.28,2024-01-02 19:00:00
sensor-03,31.04,2024-01-02 19:00:00
sensor-01,20.92,2024-01-02 19:10:00
sensor-02,22.5,2024-01-02 19:10:00
sensor-03,21.34,2024-01-02 19:10:00
sensor-01,27.65,2024-01-02 19:20:00
sensor-02,31.65,2024-01-02 19:20:00
sensor-03,21.33,2024-01-02 19:20:00
sensor-01,28.57,2024-01-02 19:30:00
sensor-02,22.47,2024-01-02 19:30:00
sensor-03,20.86,2024-01-02 19:30:00
sensor-01,23.76,2024-01-02 19:40:00
sensor-02,22.19,2024-01-02 19:40:00
sensor-03,25.29,2024-01-02 19:40:00
sensor-01,24.74,2024-01-02 19:50:00
sensor-02,31.76,2024-01-02 19:50:00
sensor-03,23.62,2024-01-02 19:50:00
sensor-01,23.52,2024-01-02 20:00:00
sensor-02,26.07,2024-01-02 20:00:00
sensor-03,23.4,2024-01-02 20:00:00
sensor-01,31.19,2024-01-02 20:10:00
sensor-02,21.43,2024-01-02 20:10:00
sensor-03,23.33,2024-01-02 20:10:00
sensor-01,26.99,2024-01-02 20:20:00
sensor-02,31.17,2024-01-02 20:20:00
sensor-03,30.96,2024-01-02 20:20:00
sensor-01,30.8,2024-01-02 20:30:00
sensor-02,31.2,2024-01-02 20:30:00
sensor-03,27.96,2024-01-02 20:30:00
sensor-01,28.86,2024-01-02 20:40:00
sensor-02,21.27,2024-01-02 20:40:00
sensor-03,28.09,2024-01-02 20:40:00
sensor-01,23.25,2024-01-02 20:50:00
sensor-02,26.91,2024-01-02 20:50:00
sensor-03,28.75,2024-01-02 20:50:00
sensor-01,29.94,2024-01-02 21:00:00
sensor-02,23.07,2024-01-02 21:00:00
sensor-03,23.97,2024-01-02 21:00:00
sensor-01,22.31,2024-01-02 21:10:00
sensor-02,30.98,2024-01-02 21:10:00
sensor-03,21.29,2024-01-02 21:10:00
sensor-01,21.08,2024-01-02 21:20:00
sensor-02,28.8,2024-01-02 21:20:00
sensor-03,27.87,2024-01-02 21:20:00
sensor-01,31.13,2024-01-02 21:30:00
sensor-02,28.99,2024-01-02 21:30:00
sensor-03,27.42,2024-01-02 21:30:00
sensor-01,27.7,2024-01-02 21:40:00
sensor-02,25.04,2024-01-02 21:40:00
sensor-03,25.55,2024-01-02 21:40:00
sensor-01,24.4,2024-01-02 21:50:00
sensor-02,21.63,2024-01-02 21:50:00
sensor-03,23.12,2024-01-02 21:50:00
sensor-01,23.02,2024-01-02 22:00:00
sensor-02,21.52,2024-01-02 22:00:00
sensor-03,22.48,2024-01-02 22:00:00
sensor-01,26.99,2024-01-02 22:10:00
sensor-02,21.91,2024-01-02 22:10:00
sensor-03,21.48,2024-01-02 22:10:00
sensor-01,31.92,2024-01-02 22:20:00
sensor-02,25.33,2024-01-02 22:20:00
sensor-03,20.94,2024-01-02 22:20:00
sensor-01,25.24,2024-01-02 22:30:00
sensor-02,21.32,2024-01-02 22:30:00
sensor-03,27.23,2024-01-02 22:30:00
sensor-01,28.05,2024-01-02 22:40:00
sensor-02,21.77,2024-01-02 22:40:00
sensor-03,27.85,2024-01-02 22:40:00
sensor-01,21.23,2024-01-02 22:50:00
sensor-02,22.53,2024-01-02 22:50:00
sensor-03,25.6,2024-01-02 22:50:00
sensor-01,25.8,2024-01-02 23:00:00
sensor-02,24.78,2024-01-02 23:00:00
sensor-03,21.87,2024-01-02 23:00:00
sensor-01,21.24,2024-01-02 23:10:00
sensor-02,25.31,2024-01-02 23:10:00
sensor-03,25.22,2024-01-02 23:10:00
sensor-01,24.79,2024-01-02 23:20:00
sensor-02,31.18,2024-01-02 23:20:00
sensor-03,22.24,2024-01-02 23:20:00
sensor-01,24.24,2024-01-02 23:30:00
sensor-02,31.12,2024-01-02 23:30:00
sensor-03,25.13,2024-01-02 23:30:00
sensor-01,29.07,2024-01-02 23:40:00
sensor-02,20.64,2024-01-02 23:40:00
sensor-03,28.29,2024-01-02 23:40:00
sensor-01,25.67,2024-01-02 23:50:00
sensor-02,24.2,2024-01-02 23:50:00
sensor-03,26.24,2024-01-02 23:50:00
sensor-01,25.9,2024-01-03 00:00:00
sensor-02,24.87,2024-01-03 00:00:00
sensor-03,28.49,2024-01-03 00:00:00
sensor-01,26.93,2024-01-03 00:10:00
sensor-02,23.54,2024-01-03 00:10:00
sensor-03,21.58,2024-01-03 00:10:00
sensor-01,26.71,2024-01-03 00:20:00
sensor-02,25.15,2024-01-03 00:20:00
sensor-03,34.85,2024-01-03 00:20:00
sensor-01,31.2,2024-01-03 00:30:00
sensor-02,27.65,2024-01-03 00:30:00
sensor-03,23.74,2024-01-03 00:30:00
sensor-01,28.2,2024-01-03 00:40:00
sensor-02,29.97,2024-01-03 00:40:00
sensor-03,24.15,2024-01-03 00:40:00
sensor-01,30.88,2024-01-03 00:50:00
sensor-02,25.59,2024-01-03 00:50:00
sensor-03,30.53,2024-01-03 00:50:00
sensor-01,22.17,2024-01-03 01:00:00
sensor-02,27.27,2024-01-03 01:00:00
sensor-03,24.24,2024-01-03 01:00:00
sensor-01,29.92,2024-01-03 01:10:00
sensor-02,25.18,2024-01-03 01:10:00
sensor-03,29.03,2024-01-03 01:10:00
sensor-01,34.7,2024-01-03 01:20:00
sensor-02,31.66,2024-01-03 01:20:00
sensor-03,28.33,2024-01-03 01:20:00
sensor-01,30.22,2024-01-03 01:30:00
sensor-02,23.85,2024-01-03 01:30:00
sensor-03,32.28,2024-01-03 01:30:00
sensor-01,33.96,2024-01-03 01:40:00
sensor-02,30.09,2024-01-03 01:40:00
sensor-03,27.45,2024-01-03 01:40:00
sensor-01,31.84,2024-01-03 01:50:00
sensor-02,34.07,2024-01-03 01:50:00
sensor-03,30.36,2024-01-03 01:50:00
sensor-01,23.89,2024-01-03 02:00:00
sensor-02,21.98,2024-01-03 02:00:00
sensor-03,31.42,2024-01-03 02:00:00
sensor-01,34.87,2024-01-03 02:10:00
sensor-02,23.11,2024-01-03 02:10:00
sensor-03,33.36,2024-01-03 02:10:00
sensor-01,25.83,2024-01-03 02:20:00
sensor-02,32.69,2024-01-03 02:20:00
sensor-03,22.54,2024-01-03 02:20:00
sensor-01,33.13,2024-01-03 02:30:00
sensor-02,30.49,2024-01-03 02:30:00
sensor-03,22.44,2024-01-03 02:30:00
sensor-01,33.64,2024-01-03 02:40:00
sensor-02,28.01,2024-01-03 02:40:00
sensor-03,34.32,2024-01-03 02:40:00
sensor-01,30.98,2024-01-03 02:50:00
sensor-02,30.31,2024-01-03 02:50:00
sensor-03,34.58,2024-01-03 02:50:00
sensor-01,30.32,2024-01-03 03:00:00
sensor-02,32.28,2024-01-03 03:00:00
sensor-03,26.78,2024-01-03 03:00:00
sensor-01,33.61,2024-01-03 03:10:00
sensor-02,30.3,2024-01-03 03:10:00
sensor-03,32.78,2024-01-03 03:10:00
sensor-01,21.92,2024-01-03 03:20:00
sensor-02,29.42,2024-01-03 03:20:00
sensor-03,33.85,2024-01-03 03:20:00
sensor-01,31.83,2024-01-03 03:30:00
sensor-02,21.41,2024-01-03 03:30:00
sensor-03,29.74,2024-01-03 03:30:00
sensor-01,25.38,2024-01-03 03:40:00
sensor-02,23.14,2024-01-03 03:40:00
sensor-03,32.41,2024-01-03 03:40:00
sensor-01,34.79,2024-01-03 03:50:00
sensor-02,31.6,2024-01-03 03:50:00
sensor-03,22.97,2024-01-03 03:50:00
sensor-01,26.45,2024-01-03 04:00:00
sensor-02,31.21,2024-01-03 04:00:00
sensor-03,32.88,2024-01-03 04:00:00
sensor-01,27.5,2024-01-03 04:10:00
sensor-02,32.43,2024-01-03 04:10:00
sensor-03,27.84,2024-01-03 04:10:00
sensor-01,33.04,2024-01-03 04:20:00
sensor-02,27.49,2024-01-03 04:20:00
sensor-03,28.09,2024-01-03 04:20:00
sensor-01,26.5,2024-01-03 04:30:00
sensor-02,23.53,2024-01-03 04:30:00
sensor-03,22.86,2024-01-03 04:30:00
sensor-01,31.33,2024-01-03 04:40:00
sensor-02,26.4,2024-01-03 04:40:00
sensor-03,25.06,2024-01-03 04:40:00
sensor-01,29.5,2024-01-03 04:50:00
sensor-02,28.06,2024-01-03 04:50:00
sensor-03,32.24,2024-01-03 04:50:00
sensor-01,31.45,2024-01-03 05:00:00
sensor-02,30.37,2024-01-03 05:00:00
sensor-03,31.01,2024-01-03 05:00:00
sensor-01,25.46,2024-01-03 05:10:00
sensor-02,33.36,2024-01-03 05:10:00
sensor-03,33.66,2024-01-03 05:10:00
sensor-01,23.34,2024-01-03 05:20:00
sensor-02,21.34,2024-01-03 05:20:00
sensor-03,32.32,2024-01-03 05:20:00
sensor-01,29.29,2024-01-03 05:30:00
sensor-02,21.35,2024-01-03 05:30:00
sensor-03,23.83,2024-01-03 05:30:00
sensor-01,30.63,2024-01-03 05:40:00
sensor-02,34.31,2024-01-03 05:40:00
sensor-03,29.14,2024-01-03 05:40:00
sensor-01,29.71,2024-01-03 05:50:00
sensor-02,30.68,2024-01-03 05:50:00
sensor-03,32.47,2024-01-03 05:50:00
sensor-01,31.76,2024-01-03 06:00:00
sensor-02,27.08,2024-01-03 06:00:00
sensor-03,24.67,2024-01-03 06:00:00
sensor-01,21.9,2024-01-03 06:10:00
sensor-02,31.84,2024-01-03 06:10:00
sensor-03,31.63,2024-01-03 06:10:00
sensor-01,30.67,2024-01-03 06:20:00
sensor-02,25.36,2024-01-03 06:20:00
sensor-03,23.12,2024-01-03 06:20:00
sensor-01,30.11,2024-01-03 06:30:00
sensor-02,33.12,2024-01-03 06:30:00
sensor-03,26.8,2024-01-03 06:30:00
sensor-01,32.76,2024-01-03 06:40:00
sensor-02,26.69,2024-01-03 06:40:00
sensor-03,34.42,2024-01-03 06:40:00
sensor-01,31.15,2024-01-03 06:50:00
sensor-02,34.22,2024-01-03 06:50:00
sensor-03,30.93,2024-01-03 06:50:00
sensor-01,30.51,2024-01-03 07:00:00
sensor-02,28.83,2024-01-03 07:00:00
sensor-03,34.27,2024-01-03 07:00:00
sensor-01,28.42,2024-01-03 07:10:00
sensor-02,27.01,2024-01-03 07:10:00
sensor-03,26.77,2024-01-03 07:10:00
sensor-01,32.62,2024-01-03 07:20:00
sensor-02,28.27,2024-01-03 07:20:00
sensor-03,27.72,2024-01-03 07:20:00
sensor-01,28.98,2024-01-03 07:30:00
sensor-02,34.71,2024-01-03 07:30:00
sensor-03,26.06,2024-01-03 07:30:00
sensor-01,30.58,2024-01-03 07:40:00
sensor-02,27.14,2024-01-03 07:40:00
sensor-03,31.36,2024-01-03 07:40:00
sensor-01,23.21,2024-01-03 07:50:00
sensor-02,24.52,2024-01-03 07:50:00
sensor-03,34.45,2024-01-03 07:50:00
sensor-01,33.16,2024-01-03 08:00:00
sensor-02,34.47,2024-01-03 08:00:00
sensor-03,21.26,2024-01-03 08:00:00
sensor-01,34.64,2024-01-03 08:10:00
sensor-02,22.63,2024-01-03 08:10:00
sensor-03,33.95,2024-01-03 08:10:00
sensor-01,25.61,2024-01-03 08:20:00
sensor-02,23.81,2024-01-03 08:20:00
sensor-03,29.84,2024-01-03 08:20:00
sensor-01,26.9,2024-01-03 08:30:00
sensor-02,25.9,2024-01-03 08:30:00
sensor-03,33.63,2024-01-03 08:30:00
sensor-01,34.81,2024-01-03 08:40:00
sensor-02,29.8,2024-01-03 08:40:00
sensor-03,29.22,2024-01-03 08:40:00
sensor-01,31.46,2024-01-03 08:50:00
sensor-02,23.51,2024-01-03 08:50:00
sensor-03,22.65,2024-01-03 08:50:00
sensor-01,21.97,2024-01-03 09:00:00
sensor-02,24.31,2024-01-03 09:00:00
sensor-03,23.82,2024-01-03 09:00:00
sensor-01,29.44,2024-01-03 09:10:00
sensor-02,22.18,2024-01-03 09:10:00
sensor-03,24.5,2024-01-03 09:10:00
sensor-01,33.45,2024-01-03 09:20:00
sensor-02,31.74,2024-01-03 09:20:00
sensor-03,31.38,2024-01-03 09:20:00
sensor-01,34.85,2024-01-03 09:30:00
sensor-02,34.02,2024-01-03 09:30:00
sensor-03,31.3,2024-01-03 09:30:00
sensor-01,30.97,2024-01-03 09:40:00
sensor-02,25.8,2024-01-03 09:40:00
sensor-03,28.09,2024-01-03 09:40:00
sensor-01,29.88,2024-01-03 09:50:00
sensor-02,23.05,2024-01-03 09:50:00
sensor-03,29.83,2024-01-03 09:50:00
sensor-01,34.26,2024-01-03 10:00:00
sensor-02,25.39,2024-01-03 10:00:00
sensor-03,21.62,2024-01-03 10:00:00
sensor-01,32.65,2024-01-03 10:10:00
sensor-02,27.15,2024-01-03 10:10:00
sensor-03,22.15,2024-01-03 10:10:00
sensor-01,23.19,2024-01-03 10:20:00
sensor-02,26.97,2024-01-03 10:20:00
sensor-03,23.97,2024-01-03 10:20:00
sensor-01,21.22,2024-01-03 10:30:00
sensor-02,23.8,2024-01-03 10:30:00
sensor-03,28.02,2024-01-03 10:30:00
sensor-01,32.03,2024-01-03 10:40:00
sensor-02,26.6,2024-01-03 10:40:00
sensor-03,31.8,2024-01-03 10:40:00
sensor-01,26.12,2024-01-03 10:50:00
sensor-02,33.36,2024-01-03 10:50:00
sensor-03,21.77,2024-01-03 10:50:00
sensor-01,29.33,2024-01-03 11:00:00
sensor-02,29.89,2024-01-03 11:00:00
sensor-03,31.42,2024-01-03 11:00:00
sensor-01,33.7,2024-01-03 11:10:00
sensor-02,32.78,2024-01-03 11:10:00
sensor-03,22.45,2024-01-03 11:10:00
sensor-01,22.1,2024-01-03 11:20:00
sensor-02,23.93,2024-01-03 11:20:00
sensor-03,25.52,2024-01-03 11:20:00
sensor-01,23.83,2024-01-03 11:30:00
sensor-02,30.51,2024-01-03 11:30:00
sensor-03,25.69,2024-01-03 11:30:00
sensor-01,25.35,2024-01-03 11:40:00
sensor-02,27.74,2024-01-03 11:40:00
sensor-03,34.58,2024-01-03 11:40:00
sensor-01,30.11,2024-01-03 11:50:00
sensor-02,21.92,2024-01-03 11:50:00
sensor-03,31.09,2024-01-03 11:50:00
sensor-01,33.99,2024-01-03 12:00:00
sensor-02,29.71,2024-01-03 12:00:00
sensor-03,29.0,2024-01-03 12:00:00
sensor-01,28.37,2024-01-03 12:10:00
sensor-02,27.99,2024-01-03 12:10:00
sensor-03,30.11,2024-01-03 12:10:00
sensor-01,26.55,2024-01-03 12:20:00
sensor-02,30.83,2024-01-03 12:20:00
sensor-03,21.72,2024-01-03 12:20:00
sensor-01,21.71,2024-01-03 12:30:00
sensor-02,32.1,2024-01-03 12:30:00
sensor-03,21.37,2024-01-03 12:30:00
sensor-01,30.49,2024-01-03 12:40:00
sensor-02,34.89,2024-01-03 12:40:00
sensor-03,32.18,2024-01-03 12:40:00
sensor-01,28.37,2024-01-03 12:50:00
sensor-02,21.47,2024-01-03 12:50:00
sensor-03,27.0,2024-01-03 12:50:00
sensor-01,24.17,2024-01-03 13:00:00
sensor-02,32.33,2024-01-03 13:00:00
sensor-03,27.67,2024-01-03 13:00:00
sensor-01,30.6,2024-01-03 13:10:00
sensor-02,32.99,2024-01-03 13:10:00
sensor-03,34.91,2024-01-03 13:10:00
sensor-01,30.52,2024-01-03 13:20:00
sensor-02,33.08,2024-01-03 13:20:00
sensor-03,32.07,2024-01-03 13:20:00
sensor-01,30.03,2024-01-03 13:30:00
sensor-02,27.33,2024-01-03 13:30:00
sensor-03,30.03,2024-01-03 13:30:00
sensor-01,28.25,2024-01-03 13:40:00
sensor-02,31.55,2024-01-03 13:40:00
sensor-03,32.32,2024-01-03 13:40:00
sensor-01,32.99,2024-01-03 13:50:00
sensor-02,24.95,2024-01-03 13:50:00
sensor-03,31.19,2024-01-03 13:50:00
sensor-01,28.68,2024-01-03 14:00:00
sensor-02,33.6,2024-01-03 14:00:00
sensor-03,21.15,2024-01-03 14:00:00
sensor-01,24.71,2024-01-03 14:10:00
sensor-02,31.2,2024-01-03 14:10:00
sensor-03,34.52,2024-01-03 14:10:00
sensor-01,33.96,2024-01-03 14:20:00
sensor-02,26.76,2024-01-03 14:20:00
sensor-03,22.08,2024-01-03 14:20:00
sensor-01,27.71,2024-01-03 14:30:00
sensor-02,24.58,2024-01-03 14:30:00
sensor-03,33.87,2024-01-03 14:30:00
sensor-01,34.52,2024-01-03 14:40:00
sensor-02,32.91,2024-01-03 14:40:00
sensor-03,30.7,2024-01-03 14:40:00
sensor-01,31.24,2024-01-03 14:50:00
sensor-02,27.27,2024-01-03 14:50:00
sensor-03,31.82,2024-01-03 14:50:00
sensor-01,32.09,2024-01-03 15:00:00
sensor-02,23.23,2024-01-03 15:00:00
sensor-03,24.84,2024-01-03 15:00:00
sensor-01,21.7,2024-01-03 15:10:00
sensor-02,32.19,2024-01-03 15:10:00
sensor-03,25.43,2024-01-03 15:10:00
sensor-01,31.6,2024-01-03 15:20:00
sensor-02,22.81,2024-01-03 15:20:00
sensor-03,29.06,2024-01-03 15:20:00
sensor-01,25.35,2024-01-03 15:30:00
sensor-02,22.63,2024-01-03 15:30:00
sensor-03,31.41,2024-01-03 15:30:00
sensor-01,24.54,2024-01-03 15:40:00
sensor-02,32.92,2024-01-03 15:40:00
sensor-03,30.0,2024-01-03 15:40:00
sensor-01,28.81,2024-01-03 15:50:00
sensor-02,31.8,2024-01-03 15:50:00
sensor-03,31.33,2024-01-03 15:50:00
sensor-01,33.15,2024-01-03 16:00:00
sensor-02,23.93,2024-01-03 16:00:00
sensor-03,24.55,2024-01-03 16:00:00
sensor-01,34.64,2024-01-03 16:10:00
sensor-02,33.24,2024-01-03 16:10:00
sensor-03,23.63,2024-01-03 16:10:00
sensor-01,30.36,2024-01-03 16:20:00
sensor-02,32.45,2024-01-03 16:20:00
sensor-03,24.63,2024-01-03 16:20:00
sensor-01,24.21,2024-01-03 16:30:00
sensor-02,25.76,2024-01-03 16:30:00
sensor-03,25.0,2024-01-03 16:30:00
sensor-01,32.14,2024-01-03 16:40:00
sensor-02,27.34,2024-01-03 16:40:00
sensor-03,22.7,2024-01-03 16:40:00
sensor-01,29.8,2024-01-03 16:50:00
sensor-02,23.56,2024-01-03 16:50:00
sensor-03,24.95,2024-01-03 16:50:00
sensor-01,28.88,2024-01-03 17:00:00
sensor-02,22.19,2024-01-03 17:00:00
sensor-03,25.41,2024-01-03 17:00:00
sensor-01,27.42,2024-01-03 17:10:00
sensor-02,23.49,2024-01-03 17:10:00
sensor-03,26.1,2024-01-03 17:10:00
sensor-01,28.95,2024-01-03 17:20:00
sensor-02,31.76,2024-01-03 17:20:00
sensor-03,22.69,2024-01-03 17:20:00
sensor-01,22.22,2024-01-03 17:30:00
sensor-02,29.4,2024-01-03 17:30:00
sensor-03,25.89,2024-01-03 17:30:00
sensor-01,26.87,2024-01-03 17:40:00
sensor-02,34.82,2024-01-03 17:40:00
sensor-03,23.8,2024-01-03 17:40:00
sensor-01,32.18,2024-01-03 17:50:00
sensor-02,30.65,2024-01-03 17:50:00
sensor-03,32.01,2024-01-03 17:50:00
sensor-01,26.46,2024-01-03 18:00:00
sensor-02,23.05,2024-01-03 18:00:00
sensor-03,27.57,2024-01-03 18:00:00
sensor-01,24.91,2024-01-03 18:10:00
sensor-02,25.93,2024-01-03 18:10:00
sensor-03,33.12,2024-01-03 18:10:00
sensor-01,31.6,2024-01-03 18:20:00
sensor-02,34.22,2024-01-03 18:20:00
sensor-03,31.35,2024-01-03 18:20:00
sensor-01,27.88,2024-01-03 18:30:00
sensor-02,27.55,2024-01-03 18:30:00
sensor-03,26.69,2024-01-03 18:30:00
sensor-01,24.16,2024-01-03 18:40:00
sensor-02,32.97,2024-01-03 18:40:00
sensor-03,26.96,2024-01-03 18:40:00
sensor-01,33.26,2024-01-03 18:50:00
sensor-02,27.55,2024-01-03 18:50:00
sensor-03,34.5,2024-01-03 18:50:00
sensor-01,22.14,2024-01-03 19:00:00
sensor-02,28.41,2024-01-03 19:00:00
sensor-03,33.88,2024-01-03 19:00:00
sensor-01,24.63,2024-01-03 19:10:00
sensor-02,28.82,2024-01-03 19:10:00
sensor-03,26.31,2024-01-03 19:10:00
sensor-01,25.27,2024-01-03 19:20:00
sensor-02,27.24,2024-01-03 19:20:00
sensor-03,23.83,2024-01-03 19:20:00
sensor-01,34.93,2024-01-03 19:30:00
sensor-02,21.6,2024-01-03 19:30:00
sensor-03,29.91,2024-01-03 19:30:00
sensor-01,27.23,2024-01-03 19:40:00
sensor-02,31.93,2024-01-03 19:40:00
sensor-03,23.01,2024-01-03 19:40:00
sensor-01,28.21,2024-01-03 19:50:00
sensor-02,26.54,2024-01-03 19:50:00
sensor-03,34.88,2024-01-03 19:50:00
sensor-01,32.72,2024-01-03 20:00:00
sensor-02,31.65,2024-01-03 20:00:00
sensor-03,22.04,2024-01-03 20:00:00
sensor-01,32.31,2024-01-03 20:10:00
sensor-02,26.25,2024-01-03 20:10:00
sensor-03,25.17,2024-01-03 20:10:00
sensor-01,27.01,2024-01-03 20:20:00
sensor-02,24.94,2024-01-03 20:20:00
sensor-03,21.38,2024-01-03 20:20:00
sensor-01,28.28,2024-01-03 20:30:00
sensor-02,28.49,2024-01-03 20:30:00
sensor-03,26.59,2024-01-03 20:30:00
sensor-01,30.44,2024-01-03 20:40:00
sensor-02,30.89,2024-01-03 20:40:00
sensor-03,30.98,2024-01-03 20:40:00
sensor-01,30.56,2024-01-03 20:50:00
sensor-02,23.62,2024-01-03 20:50:00
sensor-03,32.24,2024-01-03 20:50:00
sensor-01,32.25,2024-01-03 21:00:00
sensor-02,26.41,2024-01-03 21:00:00
sensor-03,24.55,2024-01-03 21:00:00
sensor-01,30.05,2024-01-03 21:10:00
sensor-02,21.38,2024-01-03 21:10:00
sensor-03,24.54,2024-01-03 21:10:00
sensor-01,30.72,2024-01-03 21:20:00
sensor-02,28.92,2024-01-03 21:20:00
sensor-03,28.03,2024-01-03 21:20:00
sensor-01,23.65,2024-01-03 21:30:00
sensor-02,32.62,2024-01-03 21:30:00
sensor-03,28.61,2024-01-03 21:30:00
sensor-01,25.54,2024-01-03 21:40:00
sensor-02,31.31,2024-01-03 21:40:00
sensor-03,31.09,2024-01-03 21:40:00
sensor-01,31.45,2024-01-03 21:50:00
sensor-02,22.28,2024-01-03 21:50:00
sensor-03,29.27,2024-01-03 21:50:00
sensor-01,31.78,2024-01-03 22:00:00
sensor-02,23.57,2024-01-03 22:00:00
sensor-03,26.11,2024-01-03 22:00:00
sensor-01,23.98,2024-01-03 22:10:00
sensor-02,27.87,2024-01-03 22:10:00
sensor-03,26.95,2024-01-03 22:10:00
sensor-01,27.78,2024-01-03 22:20:00
sensor-02,23.77,2024-01-03 22:20:00
sensor-03,30.75,2024-01-03 22:20:00
sensor-01,23.61,2024-01-03 22:30:00
sensor-02,27.25,2024-01-03 22:30:00
sensor-03,25.07,2024-01-03 22:30:00
sensor-01,22.77,2024-01-03 22:40:00
sensor-02,30.93,2024-01-03 22:40:00
sensor-03,21.2,2024-01-03 22:40:00
sensor-01,23.68,2024-01-03 22:50:00
sensor-02,34.38,2024-01-03 22:50:00
sensor-03,29.7,2024-01-03 22:50:00
sensor-01,33.65,2024-01-03 23:00:00
sensor-02,32.17,2024-01-03 23:00:00
sensor-03,24.53,2024-01-03 23:00:00
sensor-01,31.49,2024-01-03 23:10:00
sensor-02,23.41,2024-01-03 23:10:00
sensor-03,29.06,2024-01-03 23:10:00
sensor-01,32.08,2024-01-03 23:20:00
sensor-02,29.03,2024-01-03 23:20:00
sensor-03,32.21,2024-01-03 23:20:00
sensor-01,25.69,2024-01-03 23:30:00
sensor-02,28.56,2024-01-03 23:30:00
sensor-03,28.83,2024-01-03 23:30:00
sensor-01,31.77,2024-01-03 23:40:00
sensor-02,34.3,2024-01-03 23:40:00
sensor-03,33.89,2024-01-03 23:40:00
sensor-01,24.96,2024-01-03 23:50:00
sensor-02,21.98,2024-01-03 23:50:00
sensor-03,28.99,2024-01-03 23:50:00
sensor-01,30.18,2024-01-04 00:00:00
sensor-02,17.05,2024-01-04 00:00:00
sensor-03,21.53,2024-01-04 00:00:00
sensor-01,21.24,2024-01-04 00:10:00
sensor-02,26.56,2024-01-04 00:10:00
sensor-03,17.54,2024-01-04 00:10:00
sensor-01,27.69,2024-01-04 00:20:00
sensor-02,22.93,2024-01-04 00:20:00
sensor-03,28.61,2024-01-04 00:20:00
sensor-01,33.16,2024-01-04 00:30:00
sensor-02,17.6,2024-01-04 00:30:00
sensor-03,31.99,2024-01-04 00:30:00
sensor-01,32.09,2024-01-04 00:40:00
sensor-02,16.63,2024-01-04 00:40:00
sensor-03,16.19,2024-01-04 00:40:00
sensor-01,32.26,2024-01-04 00:50:00
sensor-02,17.02,2024-01-04 00:50:00
sensor-03,27.87,2024-01-04 00:50:00
sensor-01,21.9,2024-01-04 01:00:00
sensor-02,29.97,2024-01-04 01:00:00
sensor-03,30.24,2024-01-04 01:00:00
sensor-01,29.23,2024-01-04 01:10:00
sensor-02,16.86,2024-01-04 01:10:00
sensor-03,16.6,2024-01-04 01:10:00
sensor-01,19.22,2024-01-04 01:20:00
sensor-02,20.31,2024-01-04 01:20:00
sensor-03,17.31,2024-01-04 01:20:00
sensor-01,21.68,2024-01-04 01:30:00
sensor-02,20.74,2024-01-04 01:30:00
sensor-03,31.3,2024-01-04 01:30:00
sensor-01,21.77,2024-01-04 01:40:00
sensor-02,20.73,2024-01-04 01:40:00
sensor-03,28.44,2024-01-04 01:40:00
sensor-01,20.73,2024-01-04 01:50:00
sensor-02,30.91,2024-01-04 01:50:00
sensor-03,27.49,2024-01-04 01:50:00
sensor-01,33.22,2024-01-04 02:00:00
sensor-02,16.31,2024-01-04 02:00:00
sensor-03,27.53,2024-01-04 02:00:00
sensor-01,19.41,2024-01-04 02:10:00
sensor-02,22.58,2024-01-04 02:10:00
sensor-03,31.75,2024-01-04 02:10:00
sensor-01,20.14,2024-01-04 02:20:00
sensor-02,18.06,2024-01-04 02:20:00
sensor-03,19.46,2024-01-04 02:20:00
sensor-01,33.01,2024-01-04 02:30:00
sensor-02,30.73,2024-01-04 02:30:00
sensor-03,29.01,2024-01-04 02:30:00
sensor-01,27.56,2024-01-04 02:40:00
sensor-02,31.25,2024-01-04 02:40:00
sensor-03,22.57,2024-01-04 02:40:00
sensor-01,32.28,2024-01-04 02:50:00
sensor-02,22.1,2024-01-04 02:50:00
sensor-03,27.24,2024-01-04 02:50:00
sensor-01,32.96,2024-01-04 03:00:00
sensor-02,32.94,2024-01-04 03:00:00
sensor-03,27.17,2024-01-04 03:00:00
sensor-01,21.8,2024-01-04 03:10:00
sensor-02,27.0,2024-01-04 03:10:00
sensor-03,18.53,2024-01-04 03:10:00
sensor-01,17.03,2024-01-04 03:20:00
sensor-02,23.09,2024-01-04 03:20:00
sensor-03,18.58,2024-01-04 03:20:00
sensor-01,20.81,2024-01-04 03:30:00
sensor-02,30.27,2024-01-04 03:30:00
sensor-03,16.24,2024-01-04 03:30:00
sensor-01,17.5,2024-01-04 03:40:00
sensor-02,22.36,2024-01-04 03:40:00
sensor-03,24.59,2024-01-04 03:40:00
sensor-01,28.61,2024-01-04 03:50:00
sensor-02,18.56,2024-01-04 03:50:00
sensor-03,22.47,2024-01-04 03:50:00
sensor-01,31.04,2024-01-04 04:00:00
sensor-02,18.45,2024-01-04 04:00:00
sensor-03,18.6,2024-01-04 04:00:00
sensor-01,29.93,2024-01-04 04:10:00
sensor-02,26.76,2024-01-04 04:10:00
sensor-03,24.95,2024-01-04 04:10:00
sensor-01,18.37,2024-01-04 04:20:00
sensor-02,18.1,2024-01-04 04:20:00
sensor-03,30.45,2024-01-04 04:20:00
sensor-01,27.99,2024-01-04 04:30:00
sensor-02,16.12,2024-01-04 04:30:00
sensor-03,22.31,2024-01-04 04:30:00
sensor-01,23.62,2024-01-04 04:40:00
sensor-02,25.55,2024-01-04 04:40:00
sensor-03,20.43,2024-01-04 04:40:00
sensor-01,26.84,2024-01-04 04:50:00
sensor-02,16.59,2024-01-04 04:50:00
sensor-03,17.23,2024-01-04 04:50:00
sensor-01,20.85,2024-01-04 05:00:00
sensor-02,18.53,2024-01-04 05:00:00
sensor-03,21.92,2024-01-04 05:00:00
sensor-01,28.67,2024-01-04 05:10:00
sensor-02,16.22,2024-01-04 05:10:00
sensor-03,27.98,2024-01-04 05:10:00
sensor-01,18.72,2024-01-04 05:20:00
sensor-02,32.94,2024-01-04 05:20:00
sensor-03,15.79,2024-01-04 05:20:00
sensor-01,21.04,2024-01-04 05:30:00
sensor-02,17.59,2024-01-04 05:30:00
sensor-03,31.52,2024-01-04 05:30:00
sensor-01,22.34,2024-01-04 05:40:00
sensor-02,25.16,2024-01-04 05:40:00
sensor-03,22.58,2024-01-04 05:40:00
sensor-01,28.42,2024-01-04 05:50:00
sensor-02,21.1,2024-01-04 05:50:00
sensor-03,24.78,2024-01-04 05:50:00
sensor-01,23.4,2024-01-04 06:00:00
sensor-02,21.84,2024-01-04 06:00:00
sensor-03,18.67,2024-01-04 06:00:00
sensor-01,19.94,2024-01-04 06:10:00
sensor-02,17.58,2024-01-04 06:10:00
sensor-03,17.22,2024-01-04 06:10:00
sensor-01,22.91,2024-01-04 06:20:00
sensor-02,24.78,2024-01-04 06:20:00
sensor-03,16.02,2024-01-04 06:20:00
sensor-01,18.63,2024-01-04 06:30:00
sensor-02,23.28,2024-01-04 06:30:00
sensor-03,20.34,2024-01-04 06:30:00
sensor-01,27.11,2024-01-04 06:40:00
sensor-02,32.29,2024-01-04 06:40:00
sensor-03,31.36,2024-01-04 06:40:00
sensor-01,18.42,2024-01-04 06:50:00
sensor-02,17.04,2024-01-04 06:50:00
sensor-03,18.43,2024-01-04 06:50:00
sensor-01,17.75,2024-01-04 07:00:00
sensor-02,24.48,2024-01-04 07:00:00
sensor-03,16.53,2024-01-04 07:00:00
sensor-01,24.81,2024-01-04 07:10:00
sensor-02,16.02,2024-01-04 07:10:00
sensor-03,27.42,2024-01-04 07:10:00
sensor-01,32.16,2024-01-04 07:20:00
sensor-02,29.15,2024-01-04 07:20:00
sensor-03,32.91,2024-01-04 07:20:00
sensor-01,18.14,2024-01-04 07:30:00
sensor-02,30.05,2024-01-04 07:30:00
sensor-03,24.43,2024-01-04 07:30:00
sensor-01,26.96,2024-01-04 07:40:00
sensor-02,33.1,2024-01-04 07:40:00
sensor-03,27.62,2024-01-04 07:40:00
sensor-01,18.76,2024-01-04 07:50:00
sensor-02,22.03,2024-01-04 07:50:00
sensor-03,28.89,2024-01-04 07:50:00
sensor-01,26.67,2024-01-04 08:00:00
sensor-02,23.25,2024-01-04 08:00:00
sensor-03,26.92,2024-01-04 08:00:00
sensor-01,16.48,2024-01-04 08:10:00
sensor-02,16.71,2024-01-04 08:10:00
sensor-03,30.44,2024-01-04 08:10:00
sensor-01,25.76,2024-01-04 08:20:00
sensor-02,23.51,2024-01-04 08:20:00
sensor-03,32.48,2024-01-04 08:20:00
sensor-01,18.44,2024-01-04 08:30:00
sensor-02,18.59,2024-01-04 08:30:00
sensor-03,30.62,2024-01-04 08:30:00
sensor-01,16.58,2024-01-04 08:40:00
sensor-02,29.44,2024-01-04 08:40:00
sensor-03,16.44,2024-01-04 08:40:00
sensor-01,24.81,2024-01-04 08:50:00
sensor-02,28.04,2024-01-04 08:50:00
sensor-03,30.0,2024-01-04 08:50:00
sensor-01,21.29,2024-01-04 09:00:00
sensor-02,24.9,2024-01-04 09:00:00
sensor-03,30.39,2024-01-04 09:00:00
sensor-01,21.17,2024-01-04 09:10:00
sensor-02,26.08,2024-01-04 09:10:00
sensor-03,26.76,2024-01-04 09:10:00
sensor-01,31.89,2024-01-04 09:20:00
sensor-02,25.88,2024-01-04 09:20:00
sensor-03,22.97,2024-01-04 09:20:00
sensor-01,17.92,2024-01-04 09:30:00
sensor-02,17.95,2024-01-04 09:30:00
sensor-03,21.6,2024-01-04 09:30:00
sensor-01,28.78,2024-01-04 09:40:00
sensor-02,27.13,2024-01-04 09:40:00
sensor-03,27.98,2024-01-04 09:40:00
sensor-01,32.92,2024-01-04 09:50:00
sensor-02,17.91,2024-01-04 09:50:00
sensor-03,25.33,2024-01-04 09:50:00
sensor-01,21.92,2024-01-04 10:00:00
sensor-02,31.74,2024-01-04 10:00:00
sensor-03,19.66,2024-01-04 10:00:00
sensor-01,21.81,2024-01-04 10:10:00
sensor-02,27.27,2024-01-04 10:10:00
sensor-03,18.97,2024-01-04 10:10:00
sensor-01,27.5,2024-01-04 10:20:00
sensor-02,18.13,2024-01-04 10:20:00
sensor-03,31.47,2024-01-04 10:20:00
sensor-01,20.54,2024-01-04 10:30:00
sensor-02,19.89,2024-01-04 10:30:00
sensor-03,16.1,2024-01-04 10:30:00
sensor-01,18.76,2024-01-04 10:40:00
sensor-02,28.52,2024-01-04 10:40:00
sensor-03,19.53,2024-01-04 10:40:00
sensor-01,23.7,2024-01-04 10:50:00
sensor-02,30.72,2024-01-04 10:50:00
sensor-03,15.88,2024-01-04 10:50:00
sensor-01,16.55,2024-01-04 11:00:00
sensor-02,26.4,2024-01-04 11:00:00
sensor-03,29.18,2024-01-04 11:00:00
sensor-01,31.78,2024-01-04 11:10:00
sensor-02,19.86,2024-01-04 11:10:00
sensor-03,31.81,2024-01-04 11:10:00
sensor-01,29.25,2024-01-04 11:20:00
sensor-02,15.86,2024-01-04 11:20:00
sensor-03,27.04,2024-01-04 11:20:00
sensor-01,32.27,2024-01-04 11:30:00
sensor-02,17.51,2024-01-04 11:30:00
sensor-03,22.44,2024-01-04 11:30:00
sensor-01,24.7,2024-01-04 11:40:00
sensor-02,18.85,2024-01-04 11:40:00
sensor-03,19.96,2024-01-04 11:40:00
sensor-01,15.64,2024-01-04 11:50:00
sensor-02,27.42,2024-01-04 11:50:00
sensor-03,28.37,2024-01-04 11:50:00
sensor-01,21.94,2024-01-04 12:00:00
sensor-02,16.21,2024-01-04 12:00:00
sensor-03,17.13,2024-01-04 12:00:00
sensor-01,32.04,2024-01-04 12:10:00
sensor-02,30.19,2024-01-04 12:10:00
sensor-03,31.46,2024-01-04 12:10:00
sensor-01,32.72,2024-01-04 12:20:00
sensor-02,15.59,2024-01-04 12:20:00
sensor-03,27.95,2024-01-04 12:20:00
sensor-01,31.93,2024-01-04 12:30:00
sensor-02,16.28,2024-01-04 12:30:00
sensor-03,26.77,2024-01-04 12:30:00
sensor-01,17.76,2024-01-04 12:40:00
sensor-02,22.05,2024-01-04 12:40:00
sensor-03,30.14,2024-01-04 12:40:00
sensor-01,18.78,2024-01-04 12:50:00
sensor-02,30.28,2024-01-04 12:50:00
sensor-03,21.85,2024-01-04 12:50:00
sensor-01,28.73,2024-01-04 13:00:00
sensor-02,21.34,2024-01-04 13:00:00
sensor-03,25.16,2024-01-04 13:00:00
sensor-01,26.06,2024-01-04 13:10:00
sensor-02,17.96,2024-01-04 13:10:00
sensor-03,23.94,2024-01-04 13:10:00
sensor-01,32.74,2024-01-04 13:20:00
sensor-02,24.34,2024-01-04 13:20:00
sensor-03,26.56,2024-01-04 13:20:00
sensor-01,17.06,2024-01-04 13:30:00
sensor-02,23.54,2024-01-04 13:30:00
sensor-03,27.33,2024-01-04 13:30:00
sensor-01,29.53,2024-01-04 13:40:00
sensor-02,18.39,2024-01-04 13:40:00
sensor-03,29.09,2024-01-04 13:40:00
sensor-01,15.85,2024-01-04 13:50:00
sensor-02,32.3,2024-01-04 13:50:00
sensor-03,28.2,2024-01-04 13:50:00
sensor-01,31.9,2024-01-04 14:00:00
sensor-02,23.52,2024-01-04 14:00:00
sensor-03,21.4,2024-01-04 14:00:00
sensor-01,33.09,2024-01-04 14:10:00
sensor-02,27.72,2024-01-04 14:10:00
sensor-03,20.13,2024-01-04 14:10:00
sensor-01,29.58,2024-01-04 14:20:00
sensor-02,24.26,2024-01-04 14:20:00
sensor-03,32.14,2024-01-04 14:20:00
sensor-01,27.74,2024-01-04 14:30:00
sensor-02,23.13,2024-01-04 14:30:00
sensor-03,30.65,2024-01-04 14:30:00
sensor-01,25.59,2024-01-04 14:40:00
sensor-02,15.99,2024-01-04 14:40:00
sensor-03,19.21,2024-01-04 14:40:00
sensor-01,19.28,2024-01-04 14:50:00
sensor-02,18.15,2024-01-04 14:50:00
sensor-03,24.5,2024-01-04 14:50:00
sensor-01,24.38,2024-01-04 15:00:00
sensor-02,25.6,2024-01-04 15:00:00
sensor-03,25.63,2024-01-04 15:00:00
sensor-01,20.28,2024-01-04 15:10:00
sensor-02,25.49,2024-01-04 15:10:00
sensor-03,16.77,2024-01-04 15:10:00
sensor-01,19.12,2024-01-04 15:20:00
sensor-02,30.38,2024-01-04 15:20:00
sensor-03,29.38,2024-01-04 15:20:00
sensor-01,19.93,2024-01-04 15:30:00
sensor-02,24.0,2024-01-04 15:30:00
sensor-03,16.25,2024-01-04 15:30:00
sensor-01,25.4,2024-01-04 15:40:00
sensor-02,24.84,2024-01-04 15:40:00
sensor-03,27.51,2024-01-04 15:40:00
sensor-01,21.63,2024-01-04 15:50:00
sensor-02,24.24,2024-01-04 15:50:00
sensor-03,32.23,2024-01-04 15:50:00
sensor-01,23.77,2024-01-04 16:00:00
sensor-02,17.9,2024-01-04 16:00:00
sensor-03,31.14,2024-01-04 16:00:00
sensor-01,21.62,2024-01-04 16:10:00
sensor-02,28.33,2024-01-04 16:10:00
sensor-03,27.69,2024-01-04 16:10:00
sensor-01,30.82,2024-01-04 16:20:00
sensor-02,16.26,2024-01-04 16:20:00
sensor-03,30.3,2024-01-04 16:20:00
sensor-01,30.06,2024-01-04 16:30:00
sensor-02,23.31,2024-01-04 16:30:00
sensor-03,22.57,2024-01-04 16:30:00
sensor-01,25.13,2024-01-04 16:40:00
sensor-02,28.27,2024-01-04 16:40:00
sensor-03,22.11,2024-01-04 16:40:00
sensor-01,20.65,2024-01-04 16:50:00
sensor-02,26.33,2024-01-04 16:50:00
sensor-03,22.79,2024-01-04 16:50:00
sensor-01,26.68,2024-01-04 17:00:00
sensor-02,29.1,2024-01-04 17:00:00
sensor-03,25.49,2024-01-04 17:00:00
sensor-01,21.9,2024-01-04 17:10:00
sensor-02,28.18,2024-01-04 17:10:00
sensor-03,17.9,2024-01-04 17:10:00
sensor-01,19.17,2024-01-04 17:20:00
sensor-02,30.84,2024-01-04 17:20:00
sensor-03,21.06,2024-01-04 17:20:00
sensor-01,32.89,2024-01-04 17:30:00
sensor-02,18.56,2024-01-04 17:30:00
sensor-03,17.35,2024-01-04 17:30:00
sensor-01,27.54,2024-01-04 17:40:00
sensor-02,21.97,2024-01-04 17:40:00
sensor-03,30.81,2024-01-04 17:40:00
sensor-01,18.96,2024-01-04 17:50:00
sensor-02,28.01,2024-01-04 17:50:00
sensor-03,29.84,2024-01-04 17:50:00
sensor-01,25.95,2024-01-04 18:00:00
sensor-02,26.2,2024-01-04 18:00:00
sensor-03,27.37,2024-01-04 18:00:00
sensor-01,21.97,2024-01-04 18:10:00
sensor-02,27.55,2024-01-04 18:10:00
sensor-03,28.88,2024-01-04 18:10:00
sensor-01,24.77,2024-01-04 18:20:00
sensor-02,29.76,2024-01-04 18:20:00
sensor-03,28.27,2024-01-04 18:20:00
sensor-01,23.34,2024-01-04 18:30:00
sensor-02,22.72,2024-01-04 18:30:00
sensor-03,21.25,2024-01-04 18:30:00
sensor-01,22.04,2024-01-04 18:40:00
sensor-02,20.82,2024-01-04 18:40:00
sensor-03,26.88,2024-01-04 18:40:00
sensor-01,32.49,2024-01-04 18:50:00
sensor-02,20.39,2024-01-04 18:50:00
sensor-03,17.95,2024-01-04 18:50:00
sensor-01,20.85,2024-01-04 19:00:00
sensor-02,26.99,2024-01-04 19:00:00
sensor-03,20.11,2024-01-04 19:00:00
sensor-01,25.17,2024-01-04 19:10:00
sensor-02,24.71,2024-01-04 19:10:00
sensor-03,17.91,2024-01-04 19:10:00
sensor-01,23.4,2024-01-04 19:20:00
sensor-02,16.16,2024-01-04 19:20:00
sensor-03,25.69,2024-01-04 19:20:00
sensor-01,32.79,2024-01-04 19:30:00
sensor-02,23.94,2024-01-04 19:30:00
sensor-03,30.09,2024-01-04 19:30:00
sensor-01,32.27,2024-01-04 19:40:00
sensor-02,30.54,2024-01-04 19:40:00
sensor-03,25.84,2024-01-04 19:40:00
sensor-01,23.23,2024-01-04 19:50:00
sensor-02,33.04,2024-01-04 19:50:00
sensor-03,22.84,2024-01-04 19:50:00
sensor-01,16.05,2024-01-04 20:00:00
sensor-02,18.26,2024-01-04 20:00:00
sensor-03,23.04,2024-01-04 20:00:00
sensor-01,32.41,2024-01-04 20:10:00
sensor-02,28.54,2024-01-04 20:10:00
sensor-03,32.95,2024-01-04 20:10:00
sensor-01,23.17,2024-01-04 20:20:00
sensor-02,16.77,2024-01-04 20:20:00
sensor-03,28.96,2024-01-04 20:20:00
sensor-01,26.79,2024-01-04 20:30:00
sensor-02,33.02,2024-01-04 20:30:00
sensor-03,21.58,2024-01-04 20:30:00
sensor-01,33.12,2024-01-04 20:40:00
sensor-02,20.63,2024-01-04 20:40:00
sensor-03,30.5,2024-01-04 20:40:00
sensor-01,22.67,2024-01-04 20:50:00
sensor-02,16.25,2024-01-04 20:50:00
sensor-03,33.18,2024-01-04 20:50:00
sensor-01,24.11,2024-01-04 21:00:00
sensor-02,31.13,2024-01-04 21:00:00
sensor-03,15.67,2024-01-04 21:00:00
sensor-01,25.03,2024-01-04 21:10:00
sensor-02,28.45,2024-01-04 21:10:00
sensor-03,18.85,2024-01-04 21:10:00
sensor-01,27.43,2024-01-04 21:20:00
sensor-02,28.13,2024-01-04 21:20:00
sensor-03,32.83,2024-01-04 21:20:00
sensor-01,25.23,2024-01-04 21:30:00
sensor-02,18.62,2024-01-04 21:30:00
sensor-03,22.61,2024-01-04 21:30:00
sensor-01,31.05,2024-01-04 21:40:00
sensor-02,20.89,2024-01-04 21:40:00
sensor-03,31.43,2024-01-04 21:40:00
sensor-01,27.83,2024-01-04 21:50:00
sensor-02,31.77,2024-01-04 21:50:00
sensor-03,24.38,2024-01-04 21:50:00
sensor-01,26.01,2024-01-04 22:00:00
sensor-02,25.08,2024-01-04 22:00:00
sensor-03,32.13,2024-01-04 22:00:00
sensor-01,17.34,2024-01-04 22:10:00
sensor-02,26.56,2024-01-04 22:10:00
sensor-03,26.78,2024-01-04 22:10:00
sensor-01,26.01,2024-01-04 22:20:00
sensor-02,17.33,2024-01-04 22:20:00
sensor-03,20.27,2024-01-04 22:20:00
sensor-01,15.64,2024-01-04 22:30:00
sensor-02,21.32,2024-01-04 22:30:00
sensor-03,17.99,2024-01-04 22:30:00
sensor-01,30.76,2024-01-04 22:40:00
sensor-02,32.31,2024-01-04 22:40:00
sensor-03,25.42,2024-01-04 22:40:00
sensor-01,27.3,2024-01-04 22:50:00
sensor-02,21.46,2024-01-04 22:50:00
sensor-03,31.45,2024-01-04 22:50:00
sensor-01,25.92,2024-01-04 23:00:00
sensor-02,22.01,2024-01-04 23:00:00
sensor-03,28.77,2024-01-04 23:00:00
sensor-01,17.26,2024-01-04 23:10:00
sensor-02,28.55,2024-01-04 23:10:00
sensor-03,24.82,2024-01-04 23:10:00
sensor-01,31.08,2024-01-04 23:20:00
sensor-02,17.73,2024-01-04 23:20:00
sensor-03,28.87,2024-01-04 23:20:00
sensor-01,28.27,2024-01-04 23:30:00
sensor-02,30.4,2024-01-04 23:30:00
sensor-03,27.84,2024-01-04 23:30:00
sensor-01,18.33,2024-01-04 23:40:00
sensor-02,16.16,2024-01-04 23:40:00
sensor-03,18.39,2024-01-04 23:40:00
sensor-01,20.92,2024-01-04 23:50:00
sensor-02,19.1,2024-01-04 23:50:00
sensor-03,19.51,2024-01-04 23:50:00
sensor-01,20.58,2024-01-05 00:00:00
sensor-02,17.7,2024-01-05 00:00:00
sensor-03,22.28,2024-01-05 00:00:00
sensor-01,24.27,2024-01-05 00:10:00
sensor-02,23.27,2024-01-05 00:10:00
sensor-03,25.07,2024-01-05 00:10:00
sensor-01,23.56,2024-01-05 00:20:00
sensor-02,28.05,2024-01-05 00:20:00
sensor-03,21.27,2024-01-05 00:20:00
sensor-01,26.22,2024-01-05 00:30:00
sensor-02,19.12,2024-01-05 00:30:00
sensor-03,23.03,2024-01-05 00:30:00
sensor-01,20.6,2024-01-05 00:40:00
sensor-02,22.68,2024-01-05 00:40:00
sensor-03,25.87,2024-01-05 00:40:00
sensor-01,19.15,2024-01-05 00:50:00
sensor-02,24.98,2024-01-05 00:50:00
sensor-03,27.47,2024-01-05 00:50:00
sensor-01,25.21,2024-01-05 01:00:00
sensor-02,19.67,2024-01-05 01:00:00
sensor-03,20.54,2024-01-05 01:00:00
sensor-01,22.77,2024-01-05 01:10:00
sensor-02,27.03,2024-01-05 01:10:00
sensor-03,19.54,2024-01-05 01:10:00
sensor-01,23.65,2024-01-05 01:20:00
sensor-02,25.22,2024-01-05 01:20:00
sensor-03,27.19,2024-01-05 01:20:00
sensor-01,17.85,2024-01-05 01:30:00
sensor-02,21.41,2024-01-05 01:30:00
sensor-03,23.27,2024-01-05 01:30:00
sensor-01,18.66,2024-01-05 01:40:00
sensor-02,21.02,2024-01-05 01:40:00
sensor-03,22.18,2024-01-05 01:40:00
sensor-01,24.26,2024-01-05 01:50:00
sensor-02,19.96,2024-01-05 01:50:00
sensor-03,19.73,2024-01-05 01:50:00
sensor-01,22.49,2024-01-05 02:00:00
sensor-02,23.45,2024-01-05 02:00:00
sensor-03,23.88,2024-01-05 02:00:00
sensor-01,20.15,2024-01-05 02:10:00
sensor-02,18.48,2024-01-05 02:10:00
sensor-03,25.63,2024-01-05 02:10:00
sensor-01,26.38,2024-01-05 02:20:00
sensor-02,19.38,2024-01-05 02:20:00
sensor-03,24.78,2024-01-05 02:20:00
sensor-01,25.86,2024-01-05 02:30:00
sensor-02,20.44,2024-01-05 02:30:00
sensor-03,19.65,2024-01-05 02:30:00
sensor-01,18.48,2024-01-05 02:40:00
sensor-02,26.35,2024-01-05 02:40:00
sensor-03,23.06,2024-01-05 02:40:00
sensor-01,19.5,2024-01-05 02:50:00
sensor-02,20.86,2024-01-05 02:50:00
sensor-03,18.0,2024-01-05 02:50:00
sensor-01,24.91,2024-01-05 03:00:00
sensor-02,26.19,2024-01-05 03:00:00
sensor-03,22.48,2024-01-05 03:00:00
sensor-01,18.75,2024-01-05 03:10:00
sensor-02,22.56,2024-01-05 03:10:00
sensor-03,27.41,2024-01-05 03:10:00
sensor-01,23.17,2024-01-05 03:20:00
sensor-02,20.15,2024-01-05 03:20:00
sensor-03,20.12,2024-01-05 03:20:00
sensor-01,22.33,2024-01-05 03:30:00
sensor-02,24.69,2024-01-05 03:30:00
sensor-03,22.91,2024-01-05 03:30:00
sensor-01,25.6,2024-01-05 03:40:00
sensor-02,18.89,2024-01-05 03:40:00
sensor-03,26.57,2024-01-05 03:40:00
sensor-01,17.84,2024-01-05 03:50:00
sensor-02,27.83,2024-01-05 03:50:00
sensor-03,25.72,2024-01-05 03:50:00
sensor-01,24.08,2024-01-05 04:00:00
sensor-02,25.54,2024-01-05 04:00:00
sensor-03,23.51,2024-01-05 04:00:00
sensor-01,25.45,2024-01-05 04:10:00
sensor-02,26.67,2024-01-05 04:10:00
sensor-03,19.74,2024-01-05 04:10:00
sensor-01,25.51,2024-01-05 04:20:00
sensor-02,22.81,2024-01-05 04:20:00
sensor-03,27.83,2024-01-05 04:20:00
sensor-01,24.29,2024-01-05 04:30:00
sensor-02,18.43,2024-01-05 04:30:00
sensor-03,26.28,2024-01-05 04:30:00
sensor-01,21.92,2024-01-05 04:40:00
sensor-02,19.83,2024-01-05 04:40:00
sensor-03,25.61,2024-01-05 04:40:00
sensor-01,25.71,2024-01-05 04:50:00
sensor-02,24.9,2024-01-05 04:50:00
sensor-03,24.98,2024-01-05 04:50:00
sensor-01,26.88,2024-01-05 05:00:00
sensor-02,21.25,2024-01-05 05:00:00
sensor-03,27.11,2024-01-05 05:00:00
sensor-01,17.83,2024-01-05 05:10:00
sensor-02,25.05,2024-01-05 05:10:00
sensor-03,21.63,2024-01-05 05:10:00
sensor-01,25.03,2024-01-05 05:20:00
sensor-02,20.39,2024-01-05 05:20:00
sensor-03,27.09,2024-01-05 05:20:00
sensor-01,21.55,2024-01-05 05:30:00
sensor-02,21.94,2024-01-05 05:30:00
sensor-03,19.05,2024-01-05 05:30:00
sensor-01,26.66,2024-01-05 05:40:00
sensor-02,17.79,2024-01-05 05:40:00
sensor-03,23.46,2024-01-05 05:40:00
sensor-01,24.51,2024-01-05 05:50:00
sensor-02,21.06,2024-01-05 05:50:00
sensor-03,26.57,2024-01-05 05:50:00
sensor-01,25.77,2024-01-05 06:00:00
sensor-02,25.32,2024-01-05 06:00:00
sensor-03,18.29,2024-01-05 06:00:00
sensor-01,19.05,2024-01-05 06:10:00
sensor-02,19.02,2024-01-05 06:10:00
sensor-03,24.89,2024-01-05 06:10:00
sensor-01,24.94,2024-01-05 06:20:00
sensor-02,25.35,2024-01-05 06:20:00
sensor-03,22.62,2024-01-05 06:20:00
sensor-01,25.71,2024-01-05 06:30:00
sensor-02,27.42,2024-01-05 06:30:00
sensor-03,25.95,2024-01-05 06:30:00
sensor-01,25.21,2024-01-05 06:40:00
sensor-02,27.58,2024-01-05 06:40:00
sensor-03,18.9,2024-01-05 06:40:00
sensor-01,26.01,2024-01-05 06:50:00
sensor-02,23.65,2024-01-05 06:50:00
sensor-03,26.94,2024-01-05 06:50:00
sensor-01,18.28,2024-01-05 07:00:00
sensor-02,24.21,2024-01-05 07:00:00
sensor-03,23.59,2024-01-05 07:00:00
sensor-01,23.84,2024-01-05 07:10:00
sensor-02,25.07,2024-01-05 07:10:00
sensor-03,21.01,2024-01-05 07:10:00
sensor-01,23.7,2024-01-05 07:20:00
sensor-02,24.51,2024-01-05 07:20:00
sensor-03,24.24,2024-01-05 07:20:00
sensor-01,19.17,2024-01-05 07:30:00
sensor-02,19.72,2024-01-05 07:30:00
sensor-03,26.7,2024-01-05 07:30:00
sensor-01,24.81,2024-01-05 07:40:00
sensor-02,23.92,2024-01-05 07:40:00
sensor-03,19.89,2024-01-05 07:40:00
sensor-01,21.31,2024-01-05 07:50:00
sensor-02,22.78,2024-01-05 07:50:00
sensor-03,18.19,2024-01-05 07:50:00
sensor-01,24.3,2024-01-05 08:00:00
sensor-02,23.37,2024-01-05 08:00:00
sensor-03,26.95,2024-01-05 08:00:00
sensor-01,23.34,2024-01-05 08:10:00
sensor-02,17.99,2024-01-05 08:10:00
sensor-03,25.9,2024-01-05 08:10:00
sensor-01,22.43,2024-01-05 08:20:00
sensor-02,25.68,2024-01-05 08:20:00
sensor-03,21.23,2024-01-05 08:20:00
sensor-01,24.8,2024-01-05 08:30:00
sensor-02,27.34,2024-01-05 08:30:00
sensor-03,22.09,2024-01-05 08:30:00
sensor-01,22.51,2024-01-05 08:40:00
sensor-02,22.65,2024-01-05 08:40:00
sensor-03,25.24,2024-01-05 08:40:00
sensor-01,27.06,2024-01-05 08:50:00
sensor-02,21.8,2024-01-05 08:50:00
sensor-03,24.56,2024-01-05 08:50:00
sensor-01,23.17,2024-01-05 09:00:00
sensor-02,26.86,2024-01-05 09:00:00
sensor-03,23.51,2024-01-05 09:00:00
sensor-01,23.85,2024-01-05 09:10:00
sensor-02,26.57,2024-01-05 09:10:00
sensor-03,19.66,2024-01-05 09:10:00
sensor-01,18.57,2024-01-05 09:20:00
sensor-02,24.19,2024-01-05 09:20:00
sensor-03,27.05,2024-01-05 09:20:00
sensor-01,18.04,2024-01-05 09:30:00
sensor-02,21.71,2024-01-05 09:30:00
sensor-03,25.61,2024-01-05 09:30:00
sensor-01,20.63,2024-01-05 09:40:00
sensor-02,27.92,2024-01-05 09:40:00
sensor-03,26.8,2024-01-05 09:40:00
sensor-01,26.48,2024-01-05 09:50:00
sensor-02,27.55,2024-01-05 09:50:00
sensor-03,24.99,2024-01-05 09:50:00
sensor-01,24.77,2024-01-05 10:00:00
sensor-02,24.87,2024-01-05 10:00:00
sensor-03,20.78,2024-01-05 10:00:00
sensor-01,19.31,2024-01-05 10:10:00
sensor-02,17.89,2024-01-05 10:10:00
sensor-03,25.87,2024-01-05 10:10:00
sensor-01,23.66,2024-01-05 10:20:00
sensor-02,21.43,2024-01-05 10:20:00
sensor-03,19.63,2024-01-05 10:20:00
sensor-01,22.6,2024-01-05 10:30:00
sensor-02,24.67,2024-01-05 10:30:00
sensor-03,24.49,2024-01-05 10:30:00
sensor-01,18.44,2024-01-05 10:40:00
sensor-02,24.44,2024-01-05 10:40:00
sensor-03,27.83,2024-01-05 10:40:00
sensor-01,27.87,2024-01-05 10:50:00
sensor-02,22.71,2024-01-05 10:50:00
sensor-03,22.72,2024-01-05 10:50:00
sensor-01,27.66,2024-01-05 11:00:00
sensor-02,17.97,2024-01-05 11:00:00
sensor-03,24.75,2024-01-05 11:00:00
sensor-01,25.08,2024-01-05 11:10:00
sensor-02,21.49,2024-01-05 11:10:00
sensor-03,27.17,2024-01-05 11:10:00
sensor-01,22.24,2024-01-05 11:20:00
sensor-02,27.51,2024-01-05 11:20:00
sensor-03,19.94,2024-01-05 11:20:00
sensor-01,23.26,2024-01-05 11:30:00
sensor-02,23.6,2024-01-05 11:30:00
sensor-03,22.75,2024-01-05 11:30:00
sensor-01,26.72,2024-01-05 11:40:00
sensor-02,24.06,2024-01-05 11:40:00
sensor-03,20.76,2024-01-05 11:40:00
sensor-01,24.71,2024-01-05 11:50:00
sensor-02,19.2,2024-01-05 11:50:00
sensor-03,17.93,2024-01-05 11:50:00
sensor-01,18.85,2024-01-05 12:00:00
sensor-02,23.27,2024-01-05 12:00:00
sensor-03,20.55,2024-01-05 12:00:00
sensor-01,22.49,2024-01-05 12:10:00
sensor-02,20.9,2024-01-05 12:10:00
sensor-03,23.79,2024-01-05 12:10:00
sensor-01,21.4,2024-01-05 12:20:00
sensor-02,26.17,2024-01-05 12:20:00
sensor-03,23.41,2024-01-05 12:20:00
sensor-01,24.11,2024-01-05 12:30:00
sensor-02,28.1,2024-01-05 12:30:00
sensor-03,18.13,2024-01-05 12:30:00
sensor-01,21.14,2024-01-05 12:40:00
sensor-02,19.41,2024-01-05 12:40:00
sensor-03,24.32,2024-01-05 12:40:00
sensor-01,19.02,2024-01-05 12:50:00
sensor-02,22.3,2024-01-05 12:50:00
sensor-03,21.82,2024-01-05 12:50:00
sensor-01,19.09,2024-01-05 13:00:00
sensor-02,19.6,2024-01-05 13:00:00
sensor-03,27.81,2024-01-05 13:00:00
sensor-01,18.31,2024-01-05 13:10:00
sensor-02,22.48,2024-01-05 13:10:00
sensor-03,21.69,2024-01-05 13:10:00
sensor-01,20.25,2024-01-05 13:20:00
sensor-02,18.37,2024-01-05 13:20:00
sensor-03,23.28,2024-01-05 13:20:00
sensor-01,26.29,2024-01-05 13:30:00
sensor-02,24.85,2024-01-05 13:30:00
sensor-03,22.82,2024-01-05 13:30:00
sensor-01,23.26,2024-01-05 13:40:00
sensor-02,21.29,2024-01-05 13:40:00
sensor-03,24.42,2024-01-05 13:40:00
sensor-01,19.96,2024-01-05 13:50:00
sensor-02,21.15,2024-01-05 13:50:00
sensor-03,21.69,2024-01-05 13:50:00
sensor-01,17.83,2024-01-05 14:00:00
sensor-02,22.96,2024-01-05 14:00:00
sensor-03,19.97,2024-01-05 14:00:00
sensor-01,18.23,2024-01-05 14:10:00
sensor-02,20.96,2024-01-05 14:10:00
sensor-03,24.78,2024-01-05 14:10:00
sensor-01,22.35,2024-01-05 14:20:00
sensor-02,25.92,2024-01-05 14:20:00
sensor-03,20.3,2024-01-05 14:20:00
sensor-01,24.43,2024-01-05 14:30:00
sensor-02,18.84,2024-01-05 14:30:00
sensor-03,17.8,2024-01-05 14:30:00
sensor-01,20.82,2024-01-05 14:40:00
sensor-02,20.32,2024-01-05 14:40:00
sensor-03,23.34,2024-01-05 14:40:00
sensor-01,20.9,2024-01-05 14:50:00
sensor-02,27.78,2024-01-05 14:50:00
sensor-03,18.88,2024-01-05 14:50:00
sensor-01,26.19,2024-01-05 15:00:00
sensor-02,24.79,2024-01-05 15:00:00
sensor-03,25.25,2024-01-05 15:00:00
sensor-01,23.97,2024-01-05 15:10:00
sensor-02,25.41,2024-01-05 15:10:00
sensor-03,26.2,2024-01-05 15:10:00
sensor-01,26.57,2024-01-05 15:20:00
sensor-02,26.42,2024-01-05 15:20:00
sensor-03,23.97,2024-01-05 15:20:00
sensor-01,23.96,2024-01-05 15:30:00
sensor-02,21.84,2024-01-05 15:30:00
sensor-03,22.09,2024-01-05 15:30:00
sensor-01,26.19,2024-01-05 15:40:00
sensor-02,20.99,2024-01-05 15:40:00
sensor-03,19.37,2024-01-05 15:40:00
sensor-01,22.07,2024-01-05 15:50:00
sensor-02,21.46,2024-01-05 15:50:00
sensor-03,24.93,2024-01-05 15:50:00
sensor-01,25.75,2024-01-05 16:00:00
sensor-02,23.65,2024-01-05 16:00:00
sensor-03,25.72,2024-01-05 16:00:00
sensor-01,24.65,2024-01-05 16:10:00
sensor-02,21.86,2024-01-05 16:10:00
sensor-03,25.52,2024-01-05 16:10:00
sensor-01,22.34,2024-01-05 16:20:00
sensor-02,19.52,2024-01-05 16:20:00
sensor-03,23.32,2024-01-05 16:20:00
sensor-01,23.2,2024-01-05 16:30:00
sensor-02,19.38,2024-01-05 16:30:00
sensor-03,23.05,2024-01-05 16:30:00
sensor-01,27.24,2024-01-05 16:40:00
sensor-02,26.36,2024-01-05 16:40:00
sensor-03,20.92,2024-01-05 16:40:00
sensor-01,23.01,2024-01-05 16:50:00
sensor-02,19.15,2024-01-05 16:50:00
sensor-03,27.23,2024-01-05 16:50:00
sensor-01,18.67,2024-01-05 17:00:00
sensor-02,22.98,2024-01-05 17:00:00
sensor-03,27.52,2024-01-05 17:00:00
sensor-01,27.7,2024-01-05 17:10:00
sensor-02,28.08,2024-01-05 17:10:00
sensor-03,18.73,2024-01-05 17:10:00
sensor-01,24.71,2024-01-05 17:20:00
sensor-02,19.68,2024-01-05 17:20:00
sensor-03,21.54,2024-01-05 17:20:00
sensor-01,19.6,2024-01-05 17:30:00
sensor-02,27.85,2024-01-05 17:30:00
sensor-03,26.45,2024-01-05 17:30:00
sensor-01,19.47,2024-01-05 17:40:00
sensor-02,24.74,2024-01-05 17:40:00
sensor-03,23.46,2024-01-05 17:40:00
sensor-01,25.53,2024-01-05 17:50:00
sensor-02,20.95,2024-01-05 17:50:00
sensor-03,19.49,2024-01-05 17:50:00
sensor-01,24.5,2024-01-05 18:00:00
sensor-02,26.37,2024-01-05 18:00:00
sensor-03,22.98,2024-01-05 18:00:00
sensor-01,21.03,2024-01-05 18:10:00
sensor-02,25.94,2024-01-05 18:10:00
sensor-03,19.98,2024-01-05 18:10:00
sensor-01,24.52,2024-01-05 18:20:00
sensor-02,25.99,2024-01-05 18:20:00
sensor-03,25.97,2024-01-05 18:20:00
sensor-01,21.01,2024-01-05 18:30:00
sensor-02,24.53,2024-01-05 18:30:00
sensor-03,24.51,2024-01-05 18:30:00
sensor-01,25.05,2024-01-05 18:40:00
sensor-02,18.76,2024-01-05 18:40:00
sensor-03,28.04,2024-01-05 18:40:00
sensor-01,25.29,2024-01-05 18:50:00
sensor-02,25.07,2024-01-05 18:50:00
sensor-03,18.54,2024-01-05 18:50:00
sensor-01,22.06,2024-01-05 19:00:00
sensor-02,24.17,2024-01-05 19:00:00
sensor-03,26.0,2024-01-05 19:00:00
sensor-01,27.04,2024-01-05 19:10:00
sensor-02,25.02,2024-01-05 19:10:00
sensor-03,22.8,2024-01-05 19:10:00
sensor-01,25.25,2024-01-05 19:20:00
sensor-02,20.66,2024-01-05 19:20:00
sensor-03,18.44,2024-01-05 19:20:00
sensor-01,23.07,2024-01-05 19:30:00
sensor-02,24.19,2024-01-05 19:30:00
sensor-03,20.77,2024-01-05 19:30:00
sensor-01,26.2,2024-01-05 19:40:00
sensor-02,24.95,2024-01-05 19:40:00
sensor-03,27.03,2024-01-05 19:40:00
sensor-01,20.5,2024-01-05 19:50:00
sensor-02,19.63,2024-01-05 19:50:00
sensor-03,20.89,2024-01-05 19:50:00
sensor-01,25.43,2024-01-05 20:00:00
sensor-02,19.1,2024-01-05 20:00:00
sensor-03,19.58,2024-01-05 20:00:00
sensor-01,23.75,2024-01-05 20:10:00
sensor-02,27.03,2024-01-05 20:10:00
sensor-03,24.59,2024-01-05 20:10:00
sensor-01,27.59,2024-01-05 20:20:00
sensor-02,25.17,2024-01-05 20:20:00
sensor-03,25.14,2024-01-05 20:20:00
sensor-01,20.14,2024-01-05 20:30:00
sensor-02,27.13,2024-01-05 20:30:00
sensor-03,21.08,2024-01-05 20:30:00
sensor-01,26.06,2024-01-05 20:40:00
sensor-02,24.88,2024-01-05 20:40:00
sensor-03,22.65,2024-01-05 20:40:00
sensor-01,21.04,2024-01-05 20:50:00
sensor-02,24.93,2024-01-05 20:50:00
sensor-03,17.77,2024-01-05 20:50:00
sensor-01,24.88,2024-01-05 21:00:00
sensor-02,20.23,2024-01-05 21:00:00
sensor-03,20.89,2024-01-05 21:00:00
sensor-01,18.87,2024-01-05 21:10:00
sensor-02,25.26,2024-01-05 21:10:00
sensor-03,24.2,2024-01-05 21:10:00
sensor-01,23.89,2024-01-05 21:20:00
sensor-02,26.16,2024-01-05 21:20:00
sensor-03,24.5,2024-01-05 21:20:00
sensor-01,17.73,2024-01-05 21:30:00
sensor-02,25.48,2024-01-05 21:30:00
sensor-03,25.41,2024-01-05 21:30:00
sensor-01,27.92,2024-01-05 21:40:00
sensor-02,18.34,2024-01-05 21:40:00
sensor-03,20.92,2024-01-05 21:40:00
sensor-01,24.01,2024-01-05 21:50:00
sensor-02,27.68,2024-01-05 21:50:00
sensor-03,27.13,2024-01-05 21:50:00
sensor-01,20.2,2024-01-05 22:00:00
sensor-02,21.16,2024-01-05 22:00:00
sensor-03,19.38,2024-01-05 22:00:00
sensor-01,21.53,2024-01-05 22:10:00
sensor-02,19.04,2024-01-05 22:10:00
sensor-03,21.76,2024-01-05 22:10:00
sensor-01,26.02,2024-01-05 22:20:00
sensor-02,17.86,2024-01-05 22:20:00
sensor-03,20.86,2024-01-05 22:20:00
sensor-01,28.09,2024-01-05 22:30:00
sensor-02,19.33,2024-01-05 22:30:00
sensor-03,20.92,2024-01-05 22:30:00
sensor-01,24.66,2024-01-05 22:40:00
sensor-02,26.99,2024-01-05 22:40:00
sensor-03,19.84,2024-01-05 22:40:00
sensor-01,25.26,2024-01-05 22:50:00
sensor-02,27.56,2024-01-05 22:50:00
sensor-03,26.66,2024-01-05 22:50:00
sensor-01,17.74,2024-01-05 23:00:00
sensor-02,19.41,2024-01-05 23:00:00
sensor-03,23.14,2024-01-05 23:00:00
sensor-01,24.74,2024-01-05 23:10:00
sensor-02,18.63,2024-01-05 23:10:00
sensor-03,19.13,2024-01-05 23:10:00
sensor-01,28.1,2024-01-05 23:20:00
sensor-02,19.96,2024-01-05 23:20:00
sensor-03,17.97,2024-01-05 23:20:00
sensor-01,24.82,2024-01-05 23:30:00
sensor-02,26.01,2024-01-05 23:30:00
sensor-03,23.7,2024-01-05 23:30:00
sensor-01,24.46,2024-01-05 23:40:00
sensor-02,20.45,2024-01-05 23:40:00
sensor-03,25.03,2024-01-05 23:40:00
sensor-01,25.95,2024-01-05 23:50:00
sensor-02,18.47,2024-01-05 23:50:00
sensor-03,21.78,2024-01-05 23:50:00
sensor-01,23.82,2024-01-06 00:00:00
sensor-02,21.44,2024-01-06 00:00:00
sensor-03,27.83,2024-01-06 00:00:00
sensor-01,17.78,2024-01-06 00:10:00
sensor-02,24.64,2024-01-06 00:10:00
sensor-03,18.63,2024-01-06 00:10:00
sensor-01,30.18,2024-01-06 00:20:00
sensor-02,22.85,2024-01-06 00:20:00
sensor-03,21.82,2024-01-06 00:20:00
sensor-01,18.56,2024-01-06 00:30:00
sensor-02,30.58,2024-01-06 00:30:00
sensor-03,31.93,2024-01-06 00:30:00
sensor-01,26.81,2024-01-06 00:40:00
sensor-02,18.65,2024-01-06 00:40:00
sensor-03,18.87,2024-01-06 00:40:00
sensor-01,29.71,2024-01-06 00:50:00
sensor-02,24.24,2024-01-06 00:50:00
sensor-03,24.78,2024-01-06 00:50:00
sensor-01,22.21,2024-01-06 01:00:00
sensor-02,21.94,2024-01-06 01:00:00
sensor-03,27.87,2024-01-06 01:00:00
sensor-01,18.94,2024-01-06 01:10:00
sensor-02,31.0,2024-01-06 01:10:00
sensor-03,27.39,2024-01-06 01:10:00
sensor-01,19.98,2024-01-06 01:20:00
sensor-02,31.46,2024-01-06 01:20:00
sensor-03,26.95,2024-01-06 01:20:00
sensor-01,28.52,2024-01-06 01:30:00
sensor-02,18.53,2024-01-06 01:30:00
sensor-03,17.8,2024-01-06 01:30:00
sensor-01,22.64,2024-01-06 01:40:00
sensor-02,29.41,2024-01-06 01:40:00
sensor-03,19.44,2024-01-06 01:40:00
sensor-01,28.61,2024-01-06 01:50:00
sensor-02,25.12,2024-01-06 01:50:00
sensor-03,23.46,2024-01-06 01:50:00
sensor-01,19.49,2024-01-06 02:00:00
sensor-02,25.97,2024-01-06 02:00:00
sensor-03,27.24,2024-01-06 02:00:00
sensor-01,27.03,2024-01-06 02:10:00
sensor-02,26.34,2024-01-06 02:10:00
sensor-03,30.83,2024-01-06 02:10:00
sensor-01,20.89,2024-01-06 02:20:00
sensor-02,24.38,2024-01-06 02:20:00
sensor-03,27.73,2024-01-06 02:20:00
sensor-01,23.05,2024-01-06 02:30:00
sensor-02,27.9,2024-01-06 02:30:00
sensor-03,21.58,2024-01-06 02:30:00
sensor-01,27.02,2024-01-06 02:40:00
sensor-02,31.0,2024-01-06 02:40:00
sensor-03,22.72,2024-01-06 02:40:00
sensor-01,21.14,2024-01-06 02:50:00
sensor-02,30.01,2024-01-06 02:50:00
sensor-03,20.27,2024-01-06 02:50:00
sensor-01,20.59,2024-01-06 03:00:00
sensor-02,30.83,2024-01-06 03:00:00
sensor-03,25.03,2024-01-06 03:00:00
sensor-01,19.51,2024-01-06 03:10:00
sensor-02,27.13,2024-01-06 03:10:00
sensor-03,18.28,2024-01-06 03:10:00
sensor-01,27.43,2024-01-06 03:20:00
sensor-02,26.36,2024-01-06 03:20:00
sensor-03,31.92,2024-01-06 03:20:00
sensor-01,21.94,2024-01-06 03:30:00
sensor-02,31.23,2024-01-06 03:30:00
sensor-03,30.31,2024-01-06 03:30:00
sensor-01,30.84,2024-01-06 03:40:00
sensor-02,17.68,2024-01-06 03:40:00
sensor-03,20.63,2024-01-06 03:40:00
sensor-01,25.2,2024-01-06 03:50:00
sensor-02,22.29,2024-01-06 03:50:00
sensor-03,25.0,2024-01-06 03:50:00
sensor-01,31.75,2024-01-06 04:00:00
sensor-02,29.15,2024-01-06 04:00:00
sensor-03,25.3,2024-01-06 04:00:00
sensor-01,24.05,2024-01-06 04:10:00
sensor-02,26.87,2024-01-06 04:10:00
sensor-03,31.91,2024-01-06 04:10:00
sensor-01,31.3,2024-01-06 04:20:00
sensor-02,18.82,2024-01-06 04:20:00
sensor-03,31.06,2024-01-06 04:20:00
sensor-01,28.47,2024-01-06 04:30:00
sensor-02,17.72,2024-01-06 04:30:00
sensor-03,26.85,2024-01-06 04:30:00
sensor-01,29.08,2024-01-06 04:40:00
sensor-02,24.12,2024-01-06 04:40:00
sensor-03,18.51,2024-01-06 04:40:00
sensor-01,25.98,2024-01-06 04:50:00
sensor-02,22.76,2024-01-06 04:50:00
sensor-03,26.7,2024-01-06 04:50:00
sensor-01,27.52,2024-01-06 05:00:00
sensor-02,24.4,2024-01-06 05:00:00
sensor-03,18.5,2024-01-06 05:00:00
sensor-01,30.8,2024-01-06 05:10:00
sensor-02,26.63,2024-01-06 05:10:00
sensor-03,18.73,2024-01-06 05:10:00
sensor-01,20.79,2024-01-06 05:20:00
sensor-02,31.57,2024-01-06 05:20:00
sensor-03,31.56,2024-01-06 05:20:00
sensor-01,25.53,2024-01-06 05:30:00
sensor-02,27.71,2024-01-06 05:30:00
sensor-03,30.27,2024-01-06 05:30:00
sensor-01,25.31,2024-01-06 05:40:00
sensor-02,31.82,2024-01-06 05:40:00
sensor-03,28.08,2024-01-06 05:40:00
sensor-01,30.41,2024-01-06 05:50:00
sensor-02,29.46,2024-01-06 05:50:00
sensor-03,18.94,2024-01-06 05:50:00
sensor-01,22.37,2024-01-06 06:00:00
sensor-02,18.29,2024-01-06 06:00:00
sensor-03,26.32,2024-01-06 06:00:00
sensor-01,30.71,2024-01-06 06:10:00
sensor-02,17.92,2024-01-06 06:10:00
sensor-03,31.8,2024-01-06 06:10:00
sensor-01,26.47,2024-01-06 06:20:00
sensor-02,32.04,2024-01-06 06:20:00
sensor-03,26.05,2024-01-06 06:20:00
sensor-01,28.71,2024-01-06 06:30:00
sensor-02,27.29,2024-01-06 06:30:00
sensor-03,20.93,2024-01-06 06:30:00
sensor-01,25.39,2024-01-06 06:40:00
sensor-02,24.72,2024-01-06 06:40:00
sensor-03,27.08,2024-01-06 06:40:00
sensor-01,22.42,2024-01-06 06:50:00
sensor-02,28.64,2024-01-06 06:50:00
sensor-03,27.13,2024-01-06 06:50:00
sensor-01,19.39,2024-01-06 07:00:00
sensor-02,31.93,2024-01-06 07:00:00
sensor-03,29.24,2024-01-06 07:00:00
sensor-01,22.21,2024-01-06 07:10:00
sensor-02,27.65,2024-01-06 07:10:00
sensor-03,22.18,2024-01-06 07:10:00
sensor-01,31.59,2024-01-06 07:20:00
sensor-02,22.82,2024-01-06 07:20:00
sensor-03,21.35,2024-01-06 07:20:00
sensor-01,17.83,2024-01-06 07:30:00
sensor-02,30.29,2024-01-06 07:30:00
sensor-03,29.67,2024-01-06 07:30:00
sensor-01,29.22,2024-01-06 07:40:00
sensor-02,27.08,2024-01-06 07:40:00
sensor-03,23.01,2024-01-06 07:40:00
sensor-01,27.7,2024-01-06 07:50:00
sensor-02,23.68,2024-01-06 07:50:00
sensor-03,24.01,2024-01-06 07:50:00
sensor-01,31.57,2024-01-06 08:00:00
sensor-02,23.13,2024-01-06 08:00:00
sensor-03,27.76,2024-01-06 08:00:00
sensor-01,26.87,2024-01-06 08:10:00
sensor-02,25.32,2024-01-06 08:10:00
sensor-03,22.55,2024-01-06 08:10:00
sensor-01,24.14,2024-01-06 08:20:00
sensor-02,30.57,2024-01-06 08:20:00
sensor-03,20.14,2024-01-06 08:20:00
sensor-01,25.22,2024-01-06 08:30:00
sensor-02,18.06,2024-01-06 08:30:00
sensor-03,29.09,2024-01-06 08:30:00
sensor-01,30.4,2024-01-06 08:40:00
sensor-02,24.99,2024-01-06 08:40:00
sensor-03,22.0,2024-01-06 08:40:00
sensor-01,25.65,2024-01-06 08:50:00
sensor-02,29.73,2024-01-06 08:50:00
sensor-03,26.86,2024-01-06 08:50:00
sensor-01,23.43,2024-01-06 09:00:00
sensor-02,20.01,2024-01-06 09:00:00
sensor-03,29.62,2024-01-06 09:00:00
sensor-01,24.59,2024-01-06 09:10:00
sensor-02,19.23,2024-01-06 09:10:00
sensor-03,20.53,2024-01-06 09:10:00
sensor-01,21.93,2024-01-06 09:20:00
sensor-02,17.87,2024-01-06 09:20:00
sensor-03,26.24,2024-01-06 09:20:00
sensor-01,32.05,2024-01-06 09:30:00
sensor-02,21.18,2024-01-06 09:30:00
sensor-03,28.66,2024-01-06 09:30:00
sensor-01,31.93,2024-01-06 09:40:00
sensor-02,25.43,2024-01-06 09:40:00
sensor-03,30.16,2024-01-06 09:40:00
sensor-01,24.65,2024-01-06 09:50:00
sensor-02,31.81,2024-01-06 09:50:00
sensor-03,25.99,2024-01-06 09:50:00
sensor-01,28.45,2024-01-06 10:00:00
sensor-02,27.67,2024-01-06 10:00:00
sensor-03,29.64,2024-01-06 10:00:00
sensor-01,28.21,2024-01-06 10:10:00
sensor-02,18.51,2024-01-06 10:10:00
sensor-03,20.81,2024-01-06 10:10:00
sensor-01,28.11,2024-01-06 10:20:00
sensor-02,31.7,2024-01-06 10:20:00
sensor-03,18.71,2024-01-06 10:20:00
sensor-01,28.4,2024-01-06 10:30:00
sensor-02,25.94,2024-01-06 10:30:00
sensor-03,23.11,2024-01-06 10:30:00
sensor-01,23.21,2024-01-06 10:40:00
sensor-02,23.26,2024-01-06 10:40:00
sensor-03,21.21,2024-01-06 10:40:00
sensor-01,18.06,2024-01-06 10:50:00
sensor-02,18.52,2024-01-06 10:50:00
sensor-03,31.67,2024-01-06 10:50:00
sensor-01,29.07,2024-01-06 11:00:00
sensor-02,25.18,2024-01-06 11:00:00
sensor-03,20.11,2024-01-06 11:00:00
sensor-01,17.94,2024-01-06 11:10:00
sensor-02,23.21,2024-01-06 11:10:00
sensor-03,23.76,2024-01-06 11:10:00
sensor-01,22.02,2024-01-06 11:20:00
sensor-02,21.57,2024-01-06 11:20:00
sensor-03,27.05,2024-01-06 11:20:00
sensor-01,30.34,2024-01-06 11:30:00
sensor-02,25.15,2024-01-06 11:30:00
sensor-03,26.77,2024-01-06 11:30:00
sensor-01,28.38,2024-01-06 11:40:00
sensor-02,24.99,2024-01-06 11:40:00
sensor-03,28.48,2024-01-06 11:40:00
sensor-01,21.85,2024-01-06 11:50:00
sensor-02,28.53,2024-01-06 11:50:00
sensor-03,17.61,2024-01-06 11:50:00
sensor-01,20.53,2024-01-06 12:00:00
sensor-02,25.0,2024-01-06 12:00:00
sensor-03,23.08,2024-01-06 12:00:00
sensor-01,24.07,2024-01-06 12:10:00
sensor-02,24.15,2024-01-06 12:10:00
sensor-03,22.81,2024-01-06 12:10:00
sensor-01,28.91,2024-01-06 12:20:00
sensor-02,26.39,2024-01-06 12:20:00
sensor-03,22.57,2024-01-06 12:20:00
sensor-01,28.69,2024-01-06 12:30:00
sensor-02,21.12,2024-01-06 12:30:00
sensor-03,22.4,2024-01-06 12:30:00
sensor-01,19.2,2024-01-06 12:40:00
sensor-02,19.17,2024-01-06 12:40:00
sensor-03,30.59,2024-01-06 12:40:00
sensor-01,18.09,2024-01-06 12:50:00
sensor-02,30.77,2024-01-06 12:50:00
sensor-03,30.52,2024-01-06 12:50:00
sensor-01,24.9,2024-01-06 13:00:00
sensor-02,18.99,2024-01-06 13:00:00
sensor-03,22.85,2024-01-06 13:00:00
sensor-01,17.49,2024-01-06 13:10:00
sensor-02,22.91,2024-01-06 13:10:00
sensor-03,22.06,2024-01-06 13:10:00
sensor-01,23.7,2024-01-06 13:20:00
sensor-02,18.91,2024-01-06 13:20:00
sensor-03,25.25,2024-01-06 13:20:00
sensor-01,26.37,2024-01-06 13:30:00
sensor-02,27.26,2024-01-06 13:30:00
sensor-03,19.85,2024-01-06 13:30:00
sensor-01,18.02,2024-01-06 13:40:00
sensor-02,21.23,2024-01-06 13:40:00
sensor-03,24.63,2024-01-06 13:40:00
sensor-01,31.28,2024-01-06 13:50:00
sensor-02,31.05,2024-01-06 13:50:00
sensor-03,25.44,2024-01-06 13:50:00
sensor-01,24.37,2024-01-06 14:00:00
sensor-02,29.1,2024-01-06 14:00:00
sensor-03,23.5,2024-01-06 14:00:00
sensor-01,18.61,2024-01-06 14:10:00
sensor-02,17.62,2024-01-06 14:10:00
sensor-03,22.56,2024-01-06 14:10:00
sensor-01,24.34,2024-01-06 14:20:00
sensor-02,21.94,2024-01-06 14:20:00
sensor-03,22.07,2024-01-06 14:20:00
sensor-01,19.66,2024-01-06 14:30:00
sensor-02,29.52,2024-01-06 14:30:00
sensor-03,24.26,2024-01-06 14:30:00
sensor-01,29.71,2024-01-06 14:40:00
sensor-02,29.12,2024-01-06 14:40:00
sensor-03,31.04,2024-01-06 14:40:00
sensor-01,21.16,2024-01-06 14:50:00
sensor-02,18.63,2024-01-06 14:50:00
sensor-03,20.09,2024-01-06 14:50:00
sensor-01,22.35,2024-01-06 15:00:00
sensor-02,28.76,2024-01-06 15:00:00
sensor-03,24.76,2024-01-06 15:00:00
sensor-01,22.8,2024-01-06 15:10:00
sensor-02,30.57,2024-01-06 15:10:00
sensor-03,25.38,2024-01-06 15:10:00
sensor-01,18.11,2024-01-06 15:20:00
sensor-02,22.41,2024-01-06 15:20:00
sensor-03,23.09,2024-01-06 15:20:00
sensor-01,26.31,2024-01-06 15:30:00
sensor-02,18.16,2024-01-06 15:30:00
sensor-03,30.03,2024-01-06 15:30:00
sensor-01,23.05,2024-01-06 15:40:00
sensor-02,20.51,2024-01-06 15:40:00
sensor-03,24.05,2024-01-06 15:40:00
sensor-01,24.09,2024-01-06 15:50:00
sensor-02,27.32,2024-01-06 15:50:00
sensor-03,24.77,2024-01-06 15:50:00
sensor-01,22.09,2024-01-06 16:00:00
sensor-02,30.96,2024-01-06 16:00:00
sensor-03,31.33,2024-01-06 16:00:00
sensor-01,18.12,2024-01-06 16:10:00
sensor-02,25.78,2024-01-06 16:10:00
sensor-03,21.87,2024-01-06 16:10:00
sensor-01,18.45,2024-01-06 16:20:00
sensor-02,27.86,2024-01-06 16:20:00
sensor-03,26.47,2024-01-06 16:20:00
sensor-01,22.48,2024-01-06 16:30:00
sensor-02,20.99,2024-01-06 16:30:00
sensor-03,23.74,2024-01-06 16:30:00
sensor-01,31.4,2024-01-06 16:40:00
sensor-02,29.45,2024-01-06 16:40:00
sensor-03,31.3,2024-01-06 16:40:00
sensor-01,26.21,2024-01-06 16:50:00
sensor-02,19.1,2024-01-06 16:50:00
sensor-03,25.86,2024-01-06 16:50:00
sensor-01,20.7,2024-01-06 17:00:00
sensor-02,26.88,2024-01-06 17:00:00
sensor-03,29.6,2024-01-06 17:00:00
sensor-01,17.71,2024-01-06 17:10:00
sensor-02,31.26,2024-01-06 17:10:00
sensor-03,29.84,2024-01-06 17:10:00
sensor-01,22.36,2024-01-06 17:20:00
sensor-02,23.26,2024-01-06 17:20:00
sensor-03,23.05,2024-01-06 17:20:00
sensor-01,30.95,2024-01-06 17:30:00
sensor-02,28.41,2024-01-06 17:30:00
sensor-03,19.44,2024-01-06 17:30:00
sensor-01,28.85,2024-01-06 17:40:00
sensor-02,27.75,2024-01-06 17:40:00
sensor-03,25.9,2024-01-06 17:40:00
sensor-01,18.14,2024-01-06 17:50:00
sensor-02,17.86,2024-01-06 17:50:00
sensor-03,27.69,2024-01-06 17:50:00
sensor-01,22.89,2024-01-06 18:00:00
sensor-02,31.98,2024-01-06 18:00:00
sensor-03,22.93,2024-01-06 18:00:00
sensor-01,28.83,2024-01-06 18:10:00
sensor-02,27.91,2024-01-06 18:10:00
sensor-03,19.0,2024-01-06 18:10:00
sensor-01,24.58,2024-01-06 18:20:00
sensor-02,22.77,2024-01-06 18:20:00
sensor-03,31.71,2024-01-06 18:20:00
sensor-01,22.1,2024-01-06 18:30:00
sensor-02,21.11,2024-01-06 18:30:00
sensor-03,23.02,2024-01-06 18:30:00
sensor-01,20.88,2024-01-06 18:40:00
sensor-02,19.5,2024-01-06 18:40:00
sensor-03,21.99,2024-01-06 18:40:00
sensor-01,21.07,2024-01-06 18:50:00
sensor-02,23.09,2024-01-06 18:50:00
sensor-03,30.25,2024-01-06 18:50:00
sensor-01,19.68,2024-01-06 19:00:00
sensor-02,24.69,2024-01-06 19:00:00
sensor-03,22.68,2024-01-06 19:00:00
sensor-01,30.38,2024-01-06 19:10:00
sensor-02,21.5,2024-01-06 19:10:00
sensor-03,28.17,2024-01-06 19:10:00
sensor-01,26.93,2024-01-06 19:20:00
sensor-02,30.14,2024-01-06 19:20:00
sensor-03,18.81,2024-01-06 19:20:00
sensor-01,28.05,2024-01-06 19:30:00
sensor-02,28.18,2024-01-06 19:30:00
sensor-03,29.54,2024-01-06 19:30:00
sensor-01,27.83,2024-01-06 19:40:00
sensor-02,31.89,2024-01-06 19:40:00
sensor-03,32.15,2024-01-06 19:40:00
sensor-01,27.85,2024-01-06 19:50:00
sensor-02,23.95,2024-01-06 19:50:00
sensor-03,25.63,2024-01-06 19:50:00
sensor-01,27.76,2024-01-06 20:00:00
sensor-02,27.69,2024-01-06 20:00:00
sensor-03,18.49,2024-01-06 20:00:00
sensor-01,19.65,2024-01-06 20:10:00
sensor-02,25.81,2024-01-06 20:10:00
sensor-03,31.88,2024-01-06 20:10:00
sensor-01,23.31,2024-01-06 20:20:00
sensor-02,25.58,2024-01-06 20:20:00
sensor-03,19.32,2024-01-06 20:20:00
sensor-01,18.58,2024-01-06 20:30:00
sensor-02,28.15,2024-01-06 20:30:00
sensor-03,19.62,2024-01-06 20:30:00
sensor-01,18.7,2024-01-06 20:40:00
sensor-02,28.94,2024-01-06 20:40:00
sensor-03,21.86,2024-01-06 20:40:00
sensor-01,20.32,2024-01-06 20:50:00
sensor-02,32.07,2024-01-06 20:50:00
sensor-03,21.99,2024-01-06 20:50:00
sensor-01,24.15,2024-01-06 21:00:00
sensor-02,29.21,2024-01-06 21:00:00
sensor-03,20.19,2024-01-06 21:00:00
sensor-01,23.1,2024-01-06 21:10:00
sensor-02,18.85,2024-01-06 21:10:00
sensor-03,20.19,2024-01-06 21:10:00
sensor-01,21.64,2024-01-06 21:20:00
sensor-02,25.66,2024-01-06 21:20:00
sensor-03,19.04,2024-01-06 21:20:00
sensor-01,18.6,2024-01-06 21:30:00
sensor-02,24.02,2024-01-06 21:30:00
sensor-03,26.7,2024-01-06 21:30:00
sensor-01,27.38,2024-01-06 21:40:00
sensor-02,22.54,2024-01-06 21:40:00
sensor-03,31.27,2024-01-06 21:40:00
sensor-01,19.61,2024-01-06 21:50:00
sensor-02,31.88,2024-01-06 21:50:00
sensor-03,32.15,2024-01-06 21:50:00
sensor-01,24.58,2024-01-06 22:00:00
sensor-02,30.01,2024-01-06 22:00:00
sensor-03,25.8,2024-01-06 22:00:00
sensor-01,24.08,2024-01-06 22:10:00
sensor-02,32.04,2024-01-06 22:10:00
sensor-03,17.68,2024-01-06 22:10:00
sensor-01,29.14,2024-01-06 22:20:00
sensor-02,19.28,2024-01-06 22:20:00
sensor-03,20.37,2024-01-06 22:20:00
sensor-01,19.0,2024-01-06 22:30:00
sensor-02,31.82,2024-01-06 22:30:00
sensor-03,18.94,2024-01-06 22:30:00
sensor-01,24.08,2024-01-06 22:40:00
sensor-02,20.39,2024-01-06 22:40:00
sensor-03,28.86,2024-01-06 22:40:00
sensor-01,28.34,2024-01-06 22:50:00
sensor-02,29.3,2024-01-06 22:50:00
sensor-03,19.42,2024-01-06 22:50:00
sensor-01,31.76,2024-01-06 23:00:00
sensor-02,27.57,2024-01-06 23:00:00
sensor-03,18.48,2024-01-06 23:00:00
sensor-01,29.57,2024-01-06 23:10:00
sensor-02,20.55,2024-01-06 23:10:00
sensor-03,25.71,2024-01-06 23:10:00
sensor-01,27.7,2024-01-06 23:20:00
sensor-02,30.07,2024-01-06 23:20:00
sensor-03,30.79,2024-01-06 23:20:00
sensor-01,29.24,2024-01-06 23:30:00
sensor-02,26.85,2024-01-06 23:30:00
sensor-03,22.98,2024-01-06 23:30:00
sensor-01,18.08,2024-01-06 23:40:00
sensor-02,25.36,2024-01-06 23:40:00
sensor-03,24.35,2024-01-06 23:40:00
sensor-01,26.79,2024-01-06 23:50:00
sensor-02,23.78,2024-01-06 23:50:00
sensor-03,23.78,2024-01-06 23:50:00
sensor-01,25.29,2024-01-07 00:00:00
sensor-02,18.75,2024-01-07 00:00:00
sensor-03,21.65,2024-01-07 00:00:00
sensor-01,27.32,2024-01-07 00:10:00
sensor-02,23.05,2024-01-07 00:10:00
sensor-03,20.66,2024-01-07 00:10:00
sensor-01,24.78,2024-01-07 00:20:00
sensor-02,21.71,2024-01-07 00:20:00
sensor-03,24.74,2024-01-07 00:20:00
sensor-01,18.47,2024-01-07 00:30:00
sensor-02,21.5,2024-01-07 00:30:00
sensor-03,29.4,2024-01-07 00:30:00
sensor-01,29.63,2024-01-07 00:40:00
sensor-02,21.54,2024-01-07 00:40:00
sensor-03,25.51,2024-01-07 00:40:00
sensor-01,22.38,2024-01-07 00:50:00
sensor-02,27.2,2024-01-07 00:50:00
sensor-03,26.49,2024-01-07 00:50:00
sensor-01,22.12,2024-01-07 01:00:00
sensor-02,24.26,2024-01-07 01:00:00
sensor-03,19.23,2024-01-07 01:00:00
sensor-01,20.64,2024-01-07 01:10:00
sensor-02,18.85,2024-01-07 01:10:00
sensor-03,29.22,2024-01-07 01:10:00
sensor-01,19.8,2024-01-07 01:20:00
sensor-02,26.63,2024-01-07 01:20:00
sensor-03,22.08,2024-01-07 01:20:00
sensor-01,25.49,2024-01-07 01:30:00
sensor-02,25.61,2024-01-07 01:30:00
sensor-03,21.69,2024-01-07 01:30:00
sensor-01,29.33,2024-01-07 01:40:00
sensor-02,23.12,2024-01-07 01:40:00
sensor-03,22.69,2024-01-07 01:40:00
sensor-01,29.24,2024-01-07 01:50:00
sensor-02,28.61,2024-01-07 01:50:00
sensor-03,20.57,2024-01-07 01:50:00
sensor-01,17.95,2024-01-07 02:00:00
sensor-02,25.37,2024-01-07 02:00:00
sensor-03,21.38,2024-01-07 02:00:00
sensor-01,27.38,2024-01-07 02:10:00
sensor-02,18.44,2024-01-07 02:10:00
sensor-03,24.37,2024-01-07 02:10:00
sensor-01,27.43,2024-01-07 02:20:00
sensor-02,26.53,2024-01-07 02:20:00
sensor-03,22.43,2024-01-07 02:20:00
sensor-01,27.16,2024-01-07 02:30:00
sensor-02,21.91,2024-01-07 02:30:00
sensor-03,20.12,2024-01-07 02:30:00
sensor-01,22.53,2024-01-07 02:40:00
sensor-02,26.0,2024-01-07 02:40:00
sensor-03,22.65,2024-01-07 02:40:00
sensor-01,22.65,2024-01-07 02:50:00
sensor-02,19.53,2024-01-07 02:50:00
sensor-03,20.26,2024-01-07 02:50:00
sensor-01,20.78,2024-01-07 03:00:00
sensor-02,20.57,2024-01-07 03:00:00
sensor-03,24.35,2024-01-07 03:00:00
sensor-01,18.78,2024-01-07 03:10:00
sensor-02,25.31,2024-01-07 03:10:00
sensor-03,26.01,2024-01-07 03:10:00
sensor-01,22.24,2024-01-07 03:20:00
sensor-02,22.64,2024-01-07 03:20:00
sensor-03,28.53,2024-01-07 03:20:00
sensor-01,25.39,2024-01-07 03:30:00
sensor-02,21.94,2024-01-07 03:30:00
sensor-03,24.37,2024-01-07 03:30:00
sensor-01,28.67,2024-01-07 03:40:00
sensor-02,22.86,2024-01-07 03:40:00
sensor-03,28.59,2024-01-07 03:40:00
sensor-01,24.39,2024-01-07 03:50:00
sensor-02,18.04,2024-01-07 03:50:00
sensor-03,24.91,2024-01-07 03:50:00
sensor-01,26.13,2024-01-07 04:00:00
sensor-02,25.28,2024-01-07 04:00:00
sensor-03,22.91,2024-01-07 04:00:00
sensor-01,21.86,2024-01-07 04:10:00
sensor-02,21.86,2024-01-07 04:10:00
sensor-03,20.37,2024-01-07 04:10:00
sensor-01,28.45,2024-01-07 04:20:00
sensor-02,22.69,2024-01-07 04:20:00
sensor-03,19.77,2024-01-07 04:20:00
sensor-01,26.86,2024-01-07 04:30:00
sensor-02,21.83,2024-01-07 04:30:00
sensor-03,27.3,2024-01-07 04:30:00
sensor-01,21.43,2024-01-07 04:40:00
sensor-02,24.32,2024-01-07 04:40:00
sensor-03,26.09,2024-01-07 04:40:00
sensor-01,26.71,2024-01-07 04:50:00
sensor-02,18.31,2024-01-07 04:50:00
sensor-03,25.5,2024-01-07 04:50:00
sensor-01,25.85,2024-01-07 05:00:00
sensor-02,18.11,2024-01-07 05:00:00
sensor-03,28.59,2024-01-07 05:00:00
sensor-01,26.83,2024-01-07 05:10:00
sensor-02,18.22,2024-01-07 05:10:00
sensor-03,28.06,2024-01-07 05:10:00
sensor-01,29.3,2024-01-07 05:20:00
sensor-02,21.15,2024-01-07 05:20:00
sensor-03,22.34,2024-01-07 05:20:00
sensor-01,28.99,2024-01-07 05:30:00
sensor-02,23.41,2024-01-07 05:30:00
sensor-03,23.86,2024-01-07 05:30:00
sensor-01,28.97,2024-01-07 05:40:00
sensor-02,22.27,2024-01-07 05:40:00
sensor-03,19.78,2024-01-07 05:40:00
sensor-01,29.0,2024-01-07 05:50:00
sensor-02,20.15,2024-01-07 05:50:00
sensor-03,22.61,2024-01-07 05:50:00
sensor-01,22.57,2024-01-07 06:00:00
sensor-02,24.29,2024-01-07 06:00:00
sensor-03,29.58,2024-01-07 06:00:00
sensor-01,24.03,2024-01-07 06:10:00
sensor-02,19.17,2024-01-07 06:10:00
sensor-03,18.09,2024-01-07 06:10:00
sensor-01,20.43,2024-01-07 06:20:00
sensor-02,24.46,2024-01-07 06:20:00
sensor-03,25.88,2024-01-07 06:20:00
sensor-01,28.31,2024-01-07 06:30:00
sensor-02,27.0,2024-01-07 06:30:00
sensor-03,28.83,2024-01-07 06:30:00
sensor-01,18.41,2024-01-07 06:40:00
sensor-02,19.53,2024-01-07 06:40:00
sensor-03,23.28,2024-01-07 06:40:00
sensor-01,19.77,2024-01-07 06:50:00
sensor-02,21.06,2024-01-07 06:50:00
sensor-03,24.51,2024-01-07 06:50:00
sensor-01,19.16,2024-01-07 07:00:00
sensor-02,25.62,2024-01-07 07:00:00
sensor-03,22.77,2024-01-07 07:00:00
sensor-01,25.06,2024-01-07 07:10:00
sensor-02,21.96,2024-01-07 07:10:00
sensor-03,24.8,2024-01-07 07:10:00
sensor-01,20.5,2024-01-07 07:20:00
sensor-02,27.75,2024-01-07 07:20:00
sensor-03,28.37,2024-01-07 07:20:00
sensor-01,25.05,2024-01-07 07:30:00
sensor-02,18.69,2024-01-07 07:30:00
sensor-03,26.9,2024-01-07 07:30:00
sensor-01,28.6,2024-01-07 07:40:00
sensor-02,28.8,2024-01-07 07:40:00
sensor-03,18.91,2024-01-07 07:40:00
sensor-01,22.38,2024-01-07 07:50:00
sensor-02,27.91,2024-01-07 07:50:00
sensor-03,18.68,2024-01-07 07:50:00
sensor-01,24.04,2024-01-07 08:00:00
sensor-02,20.59,2024-01-07 08:00:00
sensor-03,28.11,2024-01-07 08:00:00
sensor-01,27.64,2024-01-07 08:10:00
sensor-02,29.12,2024-01-07 08:10:00
sensor-03,26.18,2024-01-07 08:10:00
sensor-01,27.39,2024-01-07 08:20:00
sensor-02,23.99,2024-01-07 08:20:00
sensor-03,23.61,2024-01-07 08:20:00
sensor-01,29.57,2024-01-07 08:30:00
sensor-02,20.99,2024-01-07 08:30:00
sensor-03,27.79,2024-01-07 08:30:00
sensor-01,25.77,2024-01-07 08:40:00
sensor-02,22.79,2024-01-07 08:40:00
sensor-03,26.03,2024-01-07 08:40:00
sensor-01,24.99,2024-01-07 08:50:00
sensor-02,20.72,2024-01-07 08:50:00
sensor-03,26.78,2024-01-07 08:50:00
sensor-01,22.22,2024-01-07 09:00:00
sensor-02,18.58,2024-01-07 09:00:00
sensor-03,20.61,2024-01-07 09:00:00
sensor-01,28.17,2024-01-07 09:10:00
sensor-02,22.01,2024-01-07 09:10:00
sensor-03,18.99,2024-01-07 09:10:00
sensor-01,26.2,2024-01-07 09:20:00
sensor-02,23.17,2024-01-07 09:20:00
sensor-03,18.33,2024-01-07 09:20:00
sensor-01,17.88,2024-01-07 09:30:00
sensor-02,21.56,2024-01-07 09:30:00
sensor-03,18.16,2024-01-07 09:30:00
sensor-01,19.9,2024-01-07 09:40:00
sensor-02,29.46,2024-01-07 09:40:00
sensor-03,22.81,2024-01-07 09:40:00
sensor-01,29.4,2024-01-07 09:50:00
sensor-02,25.55,2024-01-07 09:50:00
sensor-03,24.98,2024-01-07 09:50:00
sensor-01,28.92,2024-01-07 10:00:00
sensor-02,23.75,2024-01-07 10:00:00
sensor-03,26.69,2024-01-07 10:00:00
sensor-01,28.9,2024-01-07 10:10:00
sensor-02,23.22,2024-01-07 10:10:00
sensor-03,28.5,2024-01-07 10:10:00
sensor-01,26.46,2024-01-07 10:20:00
sensor-02,26.67,2024-01-07 10:20:00
sensor-03,25.92,2024-01-07 10:20:00
sensor-01,28.55,2024-01-07 10:30:00
sensor-02,26.88,2024-01-07 10:30:00
sensor-03,26.59,2024-01-07 10:30:00
sensor-01,24.15,2024-01-07 10:40:00
sensor-02,19.46,2024-01-07 10:40:00
sensor-03,23.93,2024-01-07 10:40:00
sensor-01,24.52,2024-01-07 10:50:00
sensor-02,29.55,2024-01-07 10:50:00
sensor-03,27.38,2024-01-07 10:50:00
sensor-01,21.65,2024-01-07 11:00:00
sensor-02,29.08,2024-01-07 11:00:00
sensor-03,18.23,2024-01-07 11:00:00
sensor-01,26.17,2024-01-07 11:10:00
sensor-02,18.36,2024-01-07 11:10:00
sensor-03,19.67,2024-01-07 11:10:00
sensor-01,20.91,2024-01-07 11:20:00
sensor-02,21.08,2024-01-07 11:20:00
sensor-03,26.52,2024-01-07 11:20:00
sensor-01,28.97,2024-01-07 11:30:00
sensor-02,20.06,2024-01-07 11:30:00
sensor-03,23.97,2024-01-07 11:30:00
sensor-01,28.23,2024-01-07 11:40:00
sensor-02,26.95,2024-01-07 11:40:00
sensor-03,23.4,2024-01-07 11:40:00
sensor-01,26.47,2024-01-07 11:50:00
sensor-02,28.82,2024-01-07 11:50:00
sensor-03,27.38,2024-01-07 11:50:00
sensor-01,25.01,2024-01-07 12:00:00
sensor-02,25.84,2024-01-07 12:00:00
sensor-03,24.43,2024-01-07 12:00:00
sensor-01,28.22,2024-01-07 12:10:00
sensor-02,28.37,2024-01-07 12:10:00
sensor-03,28.37,2024-01-07 12:10:00
sensor-01,23.14,2024-01-07 12:20:00
sensor-02,27.84,2024-01-07 12:20:00
sensor-03,26.33,2024-01-07 12:20:00
sensor-01,27.03,2024-01-07 12:30:00
sensor-02,20.41,2024-01-07 12:30:00
sensor-03,22.45,2024-01-07 12:30:00
sensor-01,20.15,2024-01-07 12:40:00
sensor-02,23.05,2024-01-07 12:40:00
sensor-03,26.52,2024-01-07 12:40:00
sensor-01,25.44,2024-01-07 12:50:00
sensor-02,20.98,2024-01-07 12:50:00
sensor-03,22.82,2024-01-07 12:50:00
sensor-01,24.72,2024-01-07 13:00:00
sensor-02,21.45,2024-01-07 13:00:00
sensor-03,18.58,2024-01-07 13:00:00
sensor-01,29.1,2024-01-07 13:10:00
sensor-02,23.41,2024-01-07 13:10:00
sensor-03,21.35,2024-01-07 13:10:00
sensor-01,20.6,2024-01-07 13:20:00
sensor-02,20.99,2024-01-07 13:20:00
sensor-03,21.37,2024-01-07 13:20:00
sensor-01,25.15,2024-01-07 13:30:00
sensor-02,24.47,2024-01-07 13:30:00
sensor-03,25.57,2024-01-07 13:30:00
sensor-01,25.17,2024-01-07 13:40:00
sensor-02,22.24,2024-01-07 13:40:00
sensor-03,20.26,2024-01-07 13:40:00
sensor-01,24.15,2024-01-07 13:50:00
sensor-02,25.14,2024-01-07 13:50:00
sensor-03,20.78,2024-01-07 13:50:00
sensor-01,26.58,2024-01-07 14:00:00
sensor-02,19.34,2024-01-07 14:00:00
sensor-03,23.66,2024-01-07 14:00:00
sensor-01,24.86,2024-01-07 14:10:00
sensor-02,18.19,2024-01-07 14:10:00
sensor-03,18.69,2024-01-07 14:10:00
sensor-01,19.71,2024-01-07 14:20:00
sensor-02,20.65,2024-01-07 14:20:00
sensor-03,29.45,2024-01-07 14:20:00
sensor-01,20.85,2024-01-07 14:30:00
sensor-02,28.27,2024-01-07 14:30:00
sensor-03,27.13,2024-01-07 14:30:00
sensor-01,21.44,2024-01-07 14:40:00
sensor-02,25.27,2024-01-07 14:40:00
sensor-03,28.05,2024-01-07 14:40:00
sensor-01,23.32,2024-01-07 14:50:00
sensor-02,25.7,2024-01-07 14:50:00
sensor-03,21.28,2024-01-07 14:50:00
sensor-01,27.37,2024-01-07 15:00:00
sensor-02,28.82,2024-01-07 15:00:00
sensor-03,21.48,2024-01-07 15:00:00
sensor-01,18.2,2024-01-07 15:10:00
sensor-02,28.17,2024-01-07 15:10:00
sensor-03,25.44,2024-01-07 15:10:00
sensor-01,27.12,2024-01-07 15:20:00
sensor-02,28.01,2024-01-07 15:20:00
sensor-03,23.97,2024-01-07 15:20:00
sensor-01,29.41,2024-01-07 15:30:00
sensor-02,24.06,2024-01-07 15:30:00
sensor-03,21.71,2024-01-07 15:30:00
sensor-01,20.4,2024-01-07 15:40:00
sensor-02,28.42,2024-01-07 15:40:00
sensor-03,27.0,2024-01-07 15:40:00
sensor-01,27.6,2024-01-07 15:50:00
sensor-02,18.17,2024-01-07 15:50:00
sensor-03,21.54,2024-01-07 15:50:00
sensor-01,22.02,2024-01-07 16:00:00
sensor-02,17.97,2024-01-07 16:00:00
sensor-03,20.77,2024-01-07 16:00:00
sensor-01,29.23,2024-01-07 16:10:00
sensor-02,23.13,2024-01-07 16:10:00
sensor-03,24.97,2024-01-07 16:10:00
sensor-01,27.96,2024-01-07 16:20:00
sensor-02,19.49,2024-01-07 16:20:00
sensor-03,20.19,2024-01-07 16:20:00
sensor-01,22.65,2024-01-07 16:30:00
sensor-02,23.76,2024-01-07 16:30:00
sensor-03,28.27,2024-01-07 16:30:00
sensor-01,19.17,2024-01-07 16:40:00
sensor-02,25.87,2024-01-07 16:40:00
sensor-03,27.15,2024-01-07 16:40:00
sensor-01,18.25,2024-01-07 16:50:00
sensor-02,24.24,2024-01-07 16:50:00
sensor-03,26.73,2024-01-07 16:50:00
sensor-01,25.27,2024-01-07 17:00:00
sensor-02,20.31,2024-01-07 17:00:00
sensor-03,28.59,2024-01-07 17:00:00
sensor-01,20.92,2024-01-07 17:10:00
sensor-02,18.58,2024-01-07 17:10:00
sensor-03,29.45,2024-01-07 17:10:00
sensor-01,20.59,2024-01-07 17:20:00
sensor-02,18.44,2024-01-07 17:20:00
sensor-03,29.42,2024-01-07 17:20:00
sensor-01,27.79,2024-01-07 17:30:00
sensor-02,24.02,2024-01-07 17:30:00
sensor-03,22.64,2024-01-07 17:30:00
sensor-01,29.01,2024-01-07 17:40:00
sensor-02,22.51,2024-01-07 17:40:00
sensor-03,26.69,2024-01-07 17:40:00
sensor-01,21.08,2024-01-07 17:50:00
sensor-02,22.87,2024-01-07 17:50:00
sensor-03,19.43,2024-01-07 17:50:00
sensor-01,26.89,2024-01-07 18:00:00
sensor-02,28.84,2024-01-07 18:00:00
sensor-03,22.22,2024-01-07 18:00:00
sensor-01,24.58,2024-01-07 18:10:00
sensor-02,21.21,2024-01-07 18:10:00
sensor-03,22.33,2024-01-07 18:10:00
sensor-01,27.01,2024-01-07 18:20:00
sensor-02,22.21,2024-01-07 18:20:00
sensor-03,18.51,2024-01-07 18:20:00
sensor-01,24.15,2024-01-07 18:30:00
sensor-02,24.08,2024-01-07 18:30:00
sensor-03,23.23,2024-01-07 18:30:00
sensor-01,20.97,2024-01-07 18:40:00
sensor-02,25.11,2024-01-07 18:40:00
sensor-03,22.55,2024-01-07 18:40:00
sensor-01,24.97,2024-01-07 18:50:00
sensor-02,27.67,2024-01-07 18:50:00
sensor-03,24.2,2024-01-07 18:50:00
sensor-01,20.87,2024-01-07 19:00:00
sensor-02,27.72,2024-01-07 19:00:00
sensor-03,28.08,2024-01-07 19:00:00
sensor-01,23.23,2024-01-07 19:10:00
sensor-02,18.42,2024-01-07 19:10:00
sensor-03,19.1,2024-01-07 19:10:00
sensor-01,24.08,2024-01-07 19:20:00
sensor-02,19.48,2024-01-07 19:20:00
sensor-03,20.64,2024-01-07 19:20:00
sensor-01,29.01,2024-01-07 19:30:00
sensor-02,24.84,2024-01-07 19:30:00
sensor-03,27.83,2024-01-07 19:30:00
sensor-01,25.8,2024-01-07 19:40:00
sensor-02,28.94,2024-01-07 19:40:00
sensor-03,19.63,2024-01-07 19:40:00
sensor-01,18.84,2024-01-07 19:50:00
sensor-02,27.66,2024-01-07 19:50:00
sensor-03,25.43,2024-01-07 19:50:00
sensor-01,27.95,2024-01-07 20:00:00
sensor-02,21.38,2024-01-07 20:00:00
sensor-03,25.93,2024-01-07 20:00:00
sensor-01,27.81,2024-01-07 20:10:00
sensor-02,26.04,2024-01-07 20:10:00
sensor-03,24.51,2024-01-07 20:10:00
sensor-01,28.23,2024-01-07 20:20:00
sensor-02,24.65,2024-01-07 20:20:00
sensor-03,20.19,2024-01-07 20:20:00
sensor-01,19.58,2024-01-07 20:30:00
sensor-02,27.55,2024-01-07 20:30:00
sensor-03,21.95,2024-01-07 20:30:00
sensor-01,20.73,2024-01-07 20:40:00
sensor-02,24.08,2024-01-07 20:40:00
sensor-03,21.62,2024-01-07 20:40:00
sensor-01,21.51,2024-01-07 20:50:00
sensor-02,27.32,2024-01-07 20:50:00
sensor-03,28.15,2024-01-07 20:50:00
sensor-01,17.98,2024-01-07 21:00:00
sensor-02,20.17,2024-01-07 21:00:00
sensor-03,23.77,2024-01-07 21:00:00
sensor-01,18.16,2024-01-07 21:10:00
sensor-02,23.51,2024-01-07 21:10:00
sensor-03,25.98,2024-01-07 21:10:00
sensor-01,19.06,2024-01-07 21:20:00
sensor-02,22.87,2024-01-07 21:20:00
sensor-03,18.5,2024-01-07 21:20:00
sensor-01,26.47,2024-01-07 21:30:00
sensor-02,22.17,2024-01-07 21:30:00
sensor-03,28.18,2024-01-07 21:30:00
sensor-01,21.18,2024-01-07 21:40:00
sensor-02,29.07,2024-01-07 21:40:00
sensor-03,29.36,2024-01-07 21:40:00
sensor-01,29.35,2024-01-07 21:50:00
sensor-02,25.22,2024-01-07 21:50:00
sensor-03,20.33,2024-01-07 21:50:00
sensor-01,25.59,2024-01-07 22:00:00
sensor-02,22.32,2024-01-07 22:00:00
sensor-03,25.78,2024-01-07 22:00:00
sensor-01,23.17,2024-01-07 22:10:00
sensor-02,29.38,2024-01-07 22:10:00
sensor-03,26.47,2024-01-07 22:10:00
sensor-01,21.95,2024-01-07 22:20:00
sensor-02,20.52,2024-01-07 22:20:00
sensor-03,18.0,2024-01-07 22:20:00
sensor-01,28.0,2024-01-07 22:30:00
sensor-02,27.96,2024-01-07 22:30:00
sensor-03,29.08,2024-01-07 22:30:00
sensor-01,19.89,2024-01-07 22:40:00
sensor-02,18.31,2024-01-07 22:40:00
sensor-03,27.61,2024-01-07 22:40:00
sensor-01,18.72,2024-01-07 22:50:00
sensor-02,27.12,2024-01-07 22:50:00
sensor-03,18.95,2024-01-07 22:50:00
sensor-01,27.57,2024-01-07 23:00:00
sensor-02,20.71,2024-01-07 23:00:00
sensor-03,23.42,2024-01-07 23:00:00
sensor-01,18.68,2024-01-07 23:10:00
sensor-02,27.13,2024-01-07 23:10:00
sensor-03,19.14,2024-01-07 23:10:00
sensor-01,19.93,2024-01-07 23:20:00
sensor-02,23.82,2024-01-07 23:20:00
sensor-03,28.96,2024-01-07 23:20:00
sensor-01,25.41,2024-01-07 23:30:00
sensor-02,21.27,2024-01-07 23:30:00
sensor-03,29.18,2024-01-07 23:30:00
sensor-01,20.92,2024-01-07 23:40:00
sensor-02,23.82,2024-01-07 23:40:00
sensor-03,21.04,2024-01-07 23:40:00
sensor-01,21.69,2024-01-07 23:50:00
sensor-02,29.09,2024-01-07 23:50:00
sensor-03,26.76,2024-01-07 23:50:00
